/*
 Navicat Premium Data Transfer

 Source Server         : localhost_3306
 Source Server Type    : MySQL
 Source Server Version : 80026
 Source Host           : localhost:3306
 Source Schema         : db_wms

 Target Server Type    : MySQL
 Target Server Version : 80026
 File Encoding         : 65001

 Date: 23/10/2024 23:07:31
*/

SET NAMES utf8mb4;
SET FOREIGN_KEY_CHECKS = 0;

-- ----------------------------
-- Table structure for analysis
-- ----------------------------
DROP TABLE IF EXISTS `analysis`;
CREATE TABLE `analysis`  (
  `id` int NOT NULL AUTO_INCREMENT,
  `goodsid` int NOT NULL,
  `name` varchar(255) CHARACTER SET utf8 COLLATE utf8_general_ci NOT NULL,
  `value` int NULL DEFAULT NULL COMMENT '出库数',
  `date` date NOT NULL,
  `inandout` int NOT NULL COMMENT '0出1入',
  PRIMARY KEY (`id`) USING BTREE
) ENGINE = InnoDB AUTO_INCREMENT = 614 CHARACTER SET = utf8 COLLATE = utf8_general_ci ROW_FORMAT = DYNAMIC;

-- ----------------------------
-- Records of analysis
-- ----------------------------
INSERT INTO `analysis` VALUES (7, 4, '可口可乐', 1000, '2024-02-15', 1);
INSERT INTO `analysis` VALUES (8, 5, '雪碧', 800, '2024-02-15', 1);
INSERT INTO `analysis` VALUES (9, 6, '芬达', 900, '2024-02-15', 1);
INSERT INTO `analysis` VALUES (10, 7, '红牛', 1200, '2024-02-15', 1);
INSERT INTO `analysis` VALUES (11, 8, '脉动', 1000, '2024-02-15', 1);
INSERT INTO `analysis` VALUES (12, 9, '酷儿', 1000, '2024-02-15', 1);
INSERT INTO `analysis` VALUES (13, 10, '高脚杯', 300, '2024-02-15', 1);
INSERT INTO `analysis` VALUES (14, 11, '东鹏特饮', 800, '2024-02-15', 1);
INSERT INTO `analysis` VALUES (15, 12, '农夫山泉', 500, '2024-02-15', 1);
INSERT INTO `analysis` VALUES (16, 4, '可口可乐', 300, '2024-02-15', 0);
INSERT INTO `analysis` VALUES (17, 5, '雪碧', 100, '2024-02-15', 0);
INSERT INTO `analysis` VALUES (18, 6, '芬达', 100, '2024-02-15', 0);
INSERT INTO `analysis` VALUES (19, 7, '红牛', 400, '2024-02-15', 0);
INSERT INTO `analysis` VALUES (20, 8, '脉动', 500, '2024-02-15', 0);
INSERT INTO `analysis` VALUES (21, 9, '酷儿', 200, '2024-02-15', 0);
INSERT INTO `analysis` VALUES (22, 11, '东鹏特饮', 100, '2024-02-15', 0);
INSERT INTO `analysis` VALUES (23, 12, '农夫山泉', 100, '2024-02-15', 0);
INSERT INTO `analysis` VALUES (24, 10, '高脚杯', 22, '2024-02-15', 0);
INSERT INTO `analysis` VALUES (25, 4, '可口可乐', 300, '2024-02-16', 0);
INSERT INTO `analysis` VALUES (26, 5, '雪碧', 200, '2024-02-16', 0);
INSERT INTO `analysis` VALUES (27, 6, '芬达', 300, '2024-02-16', 0);
INSERT INTO `analysis` VALUES (28, 7, '红牛', 100, '2024-02-16', 0);
INSERT INTO `analysis` VALUES (29, 8, '脉动', 300, '2024-02-16', 0);
INSERT INTO `analysis` VALUES (30, 9, '酷儿', 400, '2024-02-16', 0);
INSERT INTO `analysis` VALUES (31, 10, '高脚杯', 33, '2024-02-16', 0);
INSERT INTO `analysis` VALUES (32, 11, '东鹏特饮', 150, '2024-02-16', 0);
INSERT INTO `analysis` VALUES (33, 12, '农夫山泉', 50, '2024-02-16', 0);
INSERT INTO `analysis` VALUES (34, 4, '可口可乐', 100, '2024-02-17', 0);
INSERT INTO `analysis` VALUES (35, 5, '雪碧', 150, '2024-02-17', 0);
INSERT INTO `analysis` VALUES (36, 6, '芬达', 200, '2024-02-17', 0);
INSERT INTO `analysis` VALUES (37, 7, '红牛', 200, '2024-02-17', 0);
INSERT INTO `analysis` VALUES (38, 8, '脉动', 150, '2024-02-17', 0);
INSERT INTO `analysis` VALUES (39, 9, '酷儿', 300, '2024-02-17', 0);
INSERT INTO `analysis` VALUES (40, 10, '高脚杯', 22, '2024-02-17', 0);
INSERT INTO `analysis` VALUES (41, 11, '东鹏特饮', 150, '2024-02-17', 0);
INSERT INTO `analysis` VALUES (42, 12, '农夫山泉', 50, '2024-02-17', 0);
INSERT INTO `analysis` VALUES (43, 8, '脉动', 1000, '2024-02-18', 1);
INSERT INTO `analysis` VALUES (44, 9, '酷儿', 2000, '2024-02-18', 1);
INSERT INTO `analysis` VALUES (45, 4, '可口可乐', 1000, '2024-02-18', 1);
INSERT INTO `analysis` VALUES (46, 5, '雪碧', 1000, '2024-02-18', 1);
INSERT INTO `analysis` VALUES (47, 6, '芬达', 1000, '2024-02-18', 1);
INSERT INTO `analysis` VALUES (48, 7, '红牛', 500, '2024-02-18', 1);
INSERT INTO `analysis` VALUES (49, 11, '东鹏特饮', 800, '2024-02-18', 1);
INSERT INTO `analysis` VALUES (50, 12, '农夫山泉', 200, '2024-02-18', 1);
INSERT INTO `analysis` VALUES (51, 4, '可口可乐', 200, '2024-02-18', 0);
INSERT INTO `analysis` VALUES (52, 5, '雪碧', 200, '2024-02-18', 0);
INSERT INTO `analysis` VALUES (53, 6, '芬达', 250, '2024-02-18', 0);
INSERT INTO `analysis` VALUES (54, 7, '红牛', 100, '2024-02-18', 0);
INSERT INTO `analysis` VALUES (55, 8, '脉动', 200, '2024-02-18', 0);
INSERT INTO `analysis` VALUES (56, 9, '酷儿', 400, '2024-02-18', 0);
INSERT INTO `analysis` VALUES (57, 10, '高脚杯', 22, '2024-02-18', 0);
INSERT INTO `analysis` VALUES (58, 11, '东鹏特饮', 200, '2024-02-18', 0);
INSERT INTO `analysis` VALUES (59, 12, '农夫山泉', 44, '2024-02-18', 0);
INSERT INTO `analysis` VALUES (60, 4, '可口可乐', 200, '2024-03-01', 0);
INSERT INTO `analysis` VALUES (61, 5, '雪碧', 150, '2024-03-01', 0);
INSERT INTO `analysis` VALUES (62, 6, '芬达', 50, '2024-03-01', 0);
INSERT INTO `analysis` VALUES (63, 7, '红牛', 50, '2024-03-01', 0);
INSERT INTO `analysis` VALUES (64, 8, '脉动', 100, '2024-03-01', 0);
INSERT INTO `analysis` VALUES (65, 9, '酷儿', 350, '2024-03-01', 0);
INSERT INTO `analysis` VALUES (66, 10, '高脚杯', 31, '2024-03-01', 0);
INSERT INTO `analysis` VALUES (67, 11, '东鹏特饮', 140, '2024-03-01', 0);
INSERT INTO `analysis` VALUES (68, 12, '农夫山泉', 35, '2024-03-01', 0);
INSERT INTO `analysis` VALUES (69, 4, '可口可乐', 245, '2024-02-20', 0);
INSERT INTO `analysis` VALUES (70, 5, '雪碧', 166, '2024-02-20', 0);
INSERT INTO `analysis` VALUES (71, 6, '芬达', 332, '2024-02-20', 0);
INSERT INTO `analysis` VALUES (72, 7, '红牛', 200, '2024-02-20', 0);
INSERT INTO `analysis` VALUES (73, 8, '脉动', 122, '2024-02-20', 0);
INSERT INTO `analysis` VALUES (74, 9, '酷儿', 340, '2024-02-20', 0);
INSERT INTO `analysis` VALUES (75, 10, '高脚杯', 20, '2024-02-20', 0);
INSERT INTO `analysis` VALUES (76, 11, '东鹏特饮', 30, '2024-02-20', 0);
INSERT INTO `analysis` VALUES (77, 12, '农夫山泉', 22, '2024-02-20', 0);
INSERT INTO `analysis` VALUES (78, 4, '可口可乐', 200, '2024-02-21', 0);
INSERT INTO `analysis` VALUES (79, 5, '雪碧', 233, '2024-02-21', 0);
INSERT INTO `analysis` VALUES (80, 6, '芬达', 133, '2024-02-21', 0);
INSERT INTO `analysis` VALUES (81, 7, '红牛', 123, '2024-02-21', 0);
INSERT INTO `analysis` VALUES (82, 8, '脉动', 89, '2024-02-21', 0);
INSERT INTO `analysis` VALUES (83, 9, '酷儿', 390, '2024-02-21', 0);
INSERT INTO `analysis` VALUES (84, 10, '高脚杯', 10, '2024-02-21', 0);
INSERT INTO `analysis` VALUES (85, 11, '东鹏特饮', 89, '2024-02-21', 0);
INSERT INTO `analysis` VALUES (86, 12, '农夫山泉', 33, '2024-02-21', 0);
INSERT INTO `analysis` VALUES (87, 4, '可口可乐', 134, '2024-02-22', 0);
INSERT INTO `analysis` VALUES (88, 5, '雪碧', 156, '2024-02-22', 0);
INSERT INTO `analysis` VALUES (89, 6, '芬达', 223, '2024-02-22', 0);
INSERT INTO `analysis` VALUES (90, 7, '红牛', 122, '2024-02-22', 0);
INSERT INTO `analysis` VALUES (91, 8, '脉动', 345, '2024-02-22', 0);
INSERT INTO `analysis` VALUES (92, 9, '酷儿', 399, '2024-02-22', 0);
INSERT INTO `analysis` VALUES (93, 10, '高脚杯', 22, '2024-02-22', 0);
INSERT INTO `analysis` VALUES (94, 11, '东鹏特饮', 56, '2024-02-22', 0);
INSERT INTO `analysis` VALUES (95, 12, '农夫山泉', 22, '2024-02-22', 0);
INSERT INTO `analysis` VALUES (96, 4, '可口可乐', 133, '2024-02-23', 0);
INSERT INTO `analysis` VALUES (97, 5, '雪碧', 144, '2024-02-23', 0);
INSERT INTO `analysis` VALUES (98, 6, '芬达', 233, '2024-02-23', 0);
INSERT INTO `analysis` VALUES (99, 7, '红牛', 12, '2024-02-23', 0);
INSERT INTO `analysis` VALUES (100, 8, '脉动', 55, '2024-02-23', 0);
INSERT INTO `analysis` VALUES (101, 9, '酷儿', 201, '2024-02-23', 0);
INSERT INTO `analysis` VALUES (102, 10, '高脚杯', 12, '2024-02-23', 0);
INSERT INTO `analysis` VALUES (103, 11, '东鹏特饮', 134, '2024-02-23', 0);
INSERT INTO `analysis` VALUES (104, 12, '农夫山泉', 45, '2024-02-23', 0);
INSERT INTO `analysis` VALUES (105, 9, '酷儿', 2000, '2024-02-23', 1);
INSERT INTO `analysis` VALUES (106, 6, '芬达', 1500, '2024-02-23', 1);
INSERT INTO `analysis` VALUES (107, 5, '雪碧', 700, '2024-02-23', 1);
INSERT INTO `analysis` VALUES (108, 4, '可口可乐', 400, '2024-02-23', 1);
INSERT INTO `analysis` VALUES (109, 10, '高脚杯', 200, '2024-02-23', 1);
INSERT INTO `analysis` VALUES (110, 8, '脉动', 600, '2024-02-23', 1);
INSERT INTO `analysis` VALUES (111, 4, '可口可乐', 100, '2024-02-24', 0);
INSERT INTO `analysis` VALUES (112, 5, '雪碧', 122, '2024-02-24', 0);
INSERT INTO `analysis` VALUES (113, 6, '芬达', 234, '2024-02-24', 0);
INSERT INTO `analysis` VALUES (114, 7, '红牛', 200, '2024-02-24', 0);
INSERT INTO `analysis` VALUES (115, 8, '脉动', 133, '2024-02-24', 0);
INSERT INTO `analysis` VALUES (116, 9, '酷儿', 450, '2024-02-24', 0);
INSERT INTO `analysis` VALUES (117, 10, '高脚杯', 34, '2024-02-24', 0);
INSERT INTO `analysis` VALUES (118, 11, '东鹏特饮', 165, '2024-02-24', 0);
INSERT INTO `analysis` VALUES (119, 12, '农夫山泉', 22, '2024-02-24', 0);
INSERT INTO `analysis` VALUES (120, 4, '可口可乐', 145, '2024-02-25', 0);
INSERT INTO `analysis` VALUES (121, 5, '雪碧', 178, '2024-02-25', 0);
INSERT INTO `analysis` VALUES (122, 6, '芬达', 288, '2024-02-25', 0);
INSERT INTO `analysis` VALUES (123, 7, '红牛', 122, '2024-02-25', 0);
INSERT INTO `analysis` VALUES (124, 8, '脉动', 244, '2024-02-25', 0);
INSERT INTO `analysis` VALUES (125, 9, '酷儿', 560, '2024-02-25', 0);
INSERT INTO `analysis` VALUES (126, 10, '高脚杯', 45, '2024-02-25', 0);
INSERT INTO `analysis` VALUES (127, 11, '东鹏特饮', 132, '2024-02-25', 0);
INSERT INTO `analysis` VALUES (128, 12, '农夫山泉', 45, '2024-02-25', 0);
INSERT INTO `analysis` VALUES (129, 7, '红牛', 1000, '2024-02-25', 1);
INSERT INTO `analysis` VALUES (130, 4, '可口可乐', 122, '2024-02-26', 0);
INSERT INTO `analysis` VALUES (131, 5, '雪碧', 166, '2024-02-26', 0);
INSERT INTO `analysis` VALUES (132, 6, '芬达', 234, '2024-02-26', 0);
INSERT INTO `analysis` VALUES (133, 7, '红牛', 222, '2024-02-26', 0);
INSERT INTO `analysis` VALUES (134, 8, '脉动', 234, '2024-02-26', 0);
INSERT INTO `analysis` VALUES (135, 9, '酷儿', 580, '2024-02-26', 0);
INSERT INTO `analysis` VALUES (136, 10, '高脚杯', 45, '2024-02-26', 0);
INSERT INTO `analysis` VALUES (137, 11, '东鹏特饮', 66, '2024-02-26', 0);
INSERT INTO `analysis` VALUES (138, 12, '农夫山泉', 32, '2024-02-26', 0);
INSERT INTO `analysis` VALUES (139, 8, '脉动', 3000, '2024-02-26', 1);
INSERT INTO `analysis` VALUES (140, 9, '酷儿', 50000, '2024-02-26', 1);
INSERT INTO `analysis` VALUES (141, 4, '可口可乐', 3000, '2024-02-26', 1);
INSERT INTO `analysis` VALUES (142, 5, '雪碧', 2000, '2024-02-26', 1);
INSERT INTO `analysis` VALUES (143, 6, '芬达', 3000, '2024-02-26', 1);
INSERT INTO `analysis` VALUES (144, 11, '东鹏特饮', 1000, '2024-02-26', 1);
INSERT INTO `analysis` VALUES (145, 12, '农夫山泉', 1000, '2024-02-26', 1);
INSERT INTO `analysis` VALUES (146, 7, '红牛', 500, '2024-02-26', 1);
INSERT INTO `analysis` VALUES (147, 4, '可口可乐', 233, '2024-02-27', 0);
INSERT INTO `analysis` VALUES (148, 5, '雪碧', 233, '2024-02-27', 0);
INSERT INTO `analysis` VALUES (149, 6, '芬达', 455, '2024-02-27', 0);
INSERT INTO `analysis` VALUES (150, 7, '红牛', 122, '2024-02-27', 0);
INSERT INTO `analysis` VALUES (151, 8, '脉动', 231, '2024-02-27', 0);
INSERT INTO `analysis` VALUES (152, 9, '酷儿', 600, '2024-02-27', 0);
INSERT INTO `analysis` VALUES (153, 10, '高脚杯', 21, '2024-02-27', 0);
INSERT INTO `analysis` VALUES (154, 11, '东鹏特饮', 237, '2024-02-27', 0);
INSERT INTO `analysis` VALUES (155, 12, '农夫山泉', 99, '2024-02-27', 0);
INSERT INTO `analysis` VALUES (156, 4, '可口可乐', 134, '2024-02-28', 0);
INSERT INTO `analysis` VALUES (157, 5, '雪碧', 253, '2024-02-28', 0);
INSERT INTO `analysis` VALUES (158, 6, '芬达', 122, '2024-02-28', 0);
INSERT INTO `analysis` VALUES (159, 7, '红牛', 234, '2024-02-28', 0);
INSERT INTO `analysis` VALUES (160, 8, '脉动', 222, '2024-02-28', 0);
INSERT INTO `analysis` VALUES (161, 9, '酷儿', 620, '2024-02-28', 0);
INSERT INTO `analysis` VALUES (162, 10, '高脚杯', 44, '2024-02-28', 0);
INSERT INTO `analysis` VALUES (163, 11, '东鹏特饮', 233, '2024-02-28', 0);
INSERT INTO `analysis` VALUES (164, 12, '农夫山泉', 33, '2024-02-28', 0);
INSERT INTO `analysis` VALUES (165, 5, '雪碧', 200, '2024-02-28', 1);
INSERT INTO `analysis` VALUES (166, 11, '东鹏特饮', 700, '2024-02-29', 0);
INSERT INTO `analysis` VALUES (167, 11, '东鹏特饮', 1000, '2024-02-29', 1);
INSERT INTO `analysis` VALUES (168, 7, '红牛', 300, '2024-02-29', 0);
INSERT INTO `analysis` VALUES (169, 12, '农夫山泉', 100, '2024-02-29', 0);
INSERT INTO `analysis` VALUES (170, 7, '红牛', 200, '2024-02-29', 0);
INSERT INTO `analysis` VALUES (171, 7, '红牛', 450, '2024-02-29', 0);
INSERT INTO `analysis` VALUES (172, 11, '东鹏特饮', 200, '2024-02-29', 0);
INSERT INTO `analysis` VALUES (173, 8, '脉动', 244, '2024-02-29', 0);
INSERT INTO `analysis` VALUES (174, 4, '可口可乐', 344, '2024-02-29', 0);
INSERT INTO `analysis` VALUES (175, 6, '芬达', 166, '2024-02-29', 0);
INSERT INTO `analysis` VALUES (176, 9, '酷儿', 600, '2024-02-29', 0);
INSERT INTO `analysis` VALUES (177, 11, '东鹏特饮', 200, '2024-02-29', 0);
INSERT INTO `analysis` VALUES (178, 7, '红牛', 400, '2024-03-01', 1);
INSERT INTO `analysis` VALUES (179, 10, '高脚杯', 50, '2024-03-01', 0);
INSERT INTO `analysis` VALUES (180, 11, '东鹏特饮', 300, '2024-03-01', 0);
INSERT INTO `analysis` VALUES (181, 7, '红牛', 100, '2024-03-01', 0);
INSERT INTO `analysis` VALUES (182, 5, '雪碧', 620, '2024-03-01', 0);
INSERT INTO `analysis` VALUES (183, 8, '脉动', 350, '2024-03-01', 0);
INSERT INTO `analysis` VALUES (184, 4, '可口可乐', 580, '2024-03-01', 0);
INSERT INTO `analysis` VALUES (185, 6, '芬达', 690, '2024-03-01', 0);
INSERT INTO `analysis` VALUES (186, 9, '酷儿', 1000, '2024-03-01', 0);
INSERT INTO `analysis` VALUES (187, 10, '高脚杯', 100, '2024-03-01', 1);
INSERT INTO `analysis` VALUES (188, 12, '农夫山泉', 130, '2024-03-01', 0);
INSERT INTO `analysis` VALUES (189, 11, '东鹏特饮', 1000, '2024-03-01', 1);
INSERT INTO `analysis` VALUES (190, 9, '酷儿', 500, '2024-03-02', 0);
INSERT INTO `analysis` VALUES (191, 6, '芬达', 330, '2024-03-02', 0);
INSERT INTO `analysis` VALUES (192, 7, '红牛', 244, '2024-03-02', 0);
INSERT INTO `analysis` VALUES (193, 12, '农夫山泉', 155, '2024-03-02', 0);
INSERT INTO `analysis` VALUES (194, 11, '东鹏特饮', 245, '2024-03-02', 0);
INSERT INTO `analysis` VALUES (195, 5, '雪碧', 330, '2024-03-02', 0);
INSERT INTO `analysis` VALUES (196, 4, '可口可乐', 340, '2024-03-02', 0);
INSERT INTO `analysis` VALUES (197, 8, '脉动', 335, '2024-03-02', 0);
INSERT INTO `analysis` VALUES (198, 7, '红牛', 5000, '2024-03-02', 1);
INSERT INTO `analysis` VALUES (199, 11, '东鹏特饮', 2000, '2024-03-02', 1);
INSERT INTO `analysis` VALUES (200, 10, '高脚杯', 33, '2024-03-03', 0);
INSERT INTO `analysis` VALUES (201, 12, '农夫山泉', 50, '2024-03-03', 0);
INSERT INTO `analysis` VALUES (202, 5, '雪碧', 330, '2024-03-03', 0);
INSERT INTO `analysis` VALUES (203, 4, '可口可乐', 340, '2024-03-03', 0);
INSERT INTO `analysis` VALUES (204, 8, '脉动', 330, '2024-03-03', 0);
INSERT INTO `analysis` VALUES (205, 6, '芬达', 360, '2024-03-03', 0);
INSERT INTO `analysis` VALUES (206, 11, '东鹏特饮', 349, '2024-03-03', 0);
INSERT INTO `analysis` VALUES (207, 7, '红牛', 455, '2024-03-03', 0);
INSERT INTO `analysis` VALUES (208, 9, '酷儿', 500, '2024-03-03', 0);
INSERT INTO `analysis` VALUES (209, 10, '高脚杯', 24, '2024-03-04', 0);
INSERT INTO `analysis` VALUES (210, 12, '农夫山泉', 34, '2024-03-04', 0);
INSERT INTO `analysis` VALUES (211, 5, '雪碧', 244, '2024-03-04', 0);
INSERT INTO `analysis` VALUES (212, 4, '可口可乐', 299, '2024-03-04', 0);
INSERT INTO `analysis` VALUES (213, 8, '脉动', 344, '2024-03-04', 0);
INSERT INTO `analysis` VALUES (214, 6, '芬达', 289, '2024-03-04', 0);
INSERT INTO `analysis` VALUES (215, 11, '东鹏特饮', 355, '2024-03-04', 0);
INSERT INTO `analysis` VALUES (216, 7, '红牛', 345, '2024-03-04', 0);
INSERT INTO `analysis` VALUES (217, 9, '酷儿', 456, '2024-03-04', 0);
INSERT INTO `analysis` VALUES (218, 12, '农夫山泉', 344, '2024-03-05', 0);
INSERT INTO `analysis` VALUES (219, 5, '雪碧', 278, '2024-03-05', 0);
INSERT INTO `analysis` VALUES (220, 4, '可口可乐', 367, '2024-03-05', 0);
INSERT INTO `analysis` VALUES (221, 8, '脉动', 455, '2024-03-05', 0);
INSERT INTO `analysis` VALUES (222, 6, '芬达', 432, '2024-03-05', 0);
INSERT INTO `analysis` VALUES (223, 11, '东鹏特饮', 324, '2024-03-05', 0);
INSERT INTO `analysis` VALUES (224, 7, '红牛', 344, '2024-03-05', 0);
INSERT INTO `analysis` VALUES (225, 9, '酷儿', 544, '2024-03-05', 0);
INSERT INTO `analysis` VALUES (226, 9, '酷儿', 477, '2024-03-06', 0);
INSERT INTO `analysis` VALUES (227, 7, '红牛', 355, '2024-03-06', 0);
INSERT INTO `analysis` VALUES (228, 11, '东鹏特饮', 289, '2024-03-06', 0);
INSERT INTO `analysis` VALUES (229, 6, '芬达', 300, '2024-03-06', 0);
INSERT INTO `analysis` VALUES (230, 8, '脉动', 250, '2024-03-06', 0);
INSERT INTO `analysis` VALUES (231, 4, '可口可乐', 300, '2024-03-06', 0);
INSERT INTO `analysis` VALUES (232, 5, '雪碧', 200, '2024-03-06', 0);
INSERT INTO `analysis` VALUES (233, 12, '农夫山泉', 45, '2024-03-06', 0);
INSERT INTO `analysis` VALUES (234, 10, '高脚杯', 23, '2024-03-06', 0);
INSERT INTO `analysis` VALUES (235, 6, '芬达', 2000, '2024-03-06', 1);
INSERT INTO `analysis` VALUES (236, 8, '脉动', 2000, '2024-03-06', 1);
INSERT INTO `analysis` VALUES (237, 10, '高脚杯', 20, '2024-03-10', 0);
INSERT INTO `analysis` VALUES (238, 12, '农夫山泉', 46, '2024-03-10', 0);
INSERT INTO `analysis` VALUES (239, 5, '雪碧', 1000, '2024-03-10', 1);
INSERT INTO `analysis` VALUES (240, 5, '雪碧', 250, '2024-03-10', 0);
INSERT INTO `analysis` VALUES (241, 4, '可口可乐', 250, '2024-03-10', 0);
INSERT INTO `analysis` VALUES (242, 11, '东鹏特饮', 344, '2024-03-10', 0);
INSERT INTO `analysis` VALUES (243, 8, '脉动', 355, '2024-03-10', 0);
INSERT INTO `analysis` VALUES (244, 6, '芬达', 366, '2024-03-10', 0);
INSERT INTO `analysis` VALUES (245, 7, '红牛', 377, '2024-03-10', 0);
INSERT INTO `analysis` VALUES (246, 9, '酷儿', 512, '2024-03-10', 0);
INSERT INTO `analysis` VALUES (247, 9, '酷儿', 560, '2024-03-13', 0);
INSERT INTO `analysis` VALUES (248, 7, '红牛', 340, '2024-03-13', 0);
INSERT INTO `analysis` VALUES (249, 6, '芬达', 340, '2024-03-13', 0);
INSERT INTO `analysis` VALUES (250, 8, '脉动', 360, '2024-03-13', 0);
INSERT INTO `analysis` VALUES (251, 11, '东鹏特饮', 654, '2024-03-13', 0);
INSERT INTO `analysis` VALUES (252, 5, '雪碧', 367, '2024-03-13', 0);
INSERT INTO `analysis` VALUES (253, 12, '农夫山泉', 40, '2024-03-13', 0);
INSERT INTO `analysis` VALUES (254, 10, '高脚杯', 20, '2024-03-13', 0);
INSERT INTO `analysis` VALUES (255, 4, '可口可乐', 1000, '2024-03-13', 1);
INSERT INTO `analysis` VALUES (256, 4, '可口可乐', 340, '2024-03-13', 0);
INSERT INTO `analysis` VALUES (257, 9, '酷儿', 560, '2024-03-14', 0);
INSERT INTO `analysis` VALUES (258, 7, '红牛', 333, '2024-03-14', 0);
INSERT INTO `analysis` VALUES (259, 6, '芬达', 344, '2024-03-14', 0);
INSERT INTO `analysis` VALUES (260, 8, '脉动', 433, '2024-03-14', 0);
INSERT INTO `analysis` VALUES (261, 4, '可口可乐', 291, '2024-03-14', 0);
INSERT INTO `analysis` VALUES (262, 5, '雪碧', 278, '2024-03-14', 0);
INSERT INTO `analysis` VALUES (263, 11, '东鹏特饮', 366, '2024-03-14', 0);
INSERT INTO `analysis` VALUES (264, 12, '农夫山泉', 50, '2024-03-14', 0);
INSERT INTO `analysis` VALUES (265, 10, '高脚杯', 41, '2024-03-14', 0);
INSERT INTO `analysis` VALUES (266, 4, '可口可乐', 2000, '2024-03-14', 1);
INSERT INTO `analysis` VALUES (267, 10, '高脚杯', 500, '2024-03-14', 1);
INSERT INTO `analysis` VALUES (268, 11, '东鹏特饮', 3000, '2024-03-14', 1);
INSERT INTO `analysis` VALUES (269, 9, '酷儿', 503, '2024-03-23', 0);
INSERT INTO `analysis` VALUES (270, 11, '东鹏特饮', 244, '2024-03-23', 0);
INSERT INTO `analysis` VALUES (271, 7, '红牛', 322, '2024-03-23', 0);
INSERT INTO `analysis` VALUES (272, 4, '可口可乐', 256, '2024-03-23', 0);
INSERT INTO `analysis` VALUES (273, 6, '芬达', 298, '2024-03-23', 0);
INSERT INTO `analysis` VALUES (274, 8, '脉动', 222, '2024-03-23', 0);
INSERT INTO `analysis` VALUES (275, 10, '高脚杯', 20, '2024-03-23', 0);
INSERT INTO `analysis` VALUES (276, 5, '雪碧', 300, '2024-03-23', 0);
INSERT INTO `analysis` VALUES (277, 12, '农夫山泉', 40, '2024-03-23', 0);
INSERT INTO `analysis` VALUES (278, 5, '雪碧', 2000, '2024-03-25', 1);
INSERT INTO `analysis` VALUES (279, 8, '脉动', 1500, '2024-03-25', 1);
INSERT INTO `analysis` VALUES (280, 12, '农夫山泉', 500, '2024-03-25', 1);
INSERT INTO `analysis` VALUES (281, 4, '可口可乐', 340, '2024-03-25', 0);
INSERT INTO `analysis` VALUES (282, 5, '雪碧', 330, '2024-03-25', 0);
INSERT INTO `analysis` VALUES (283, 6, '芬达', 288, '2024-03-25', 0);
INSERT INTO `analysis` VALUES (284, 7, '红牛', 350, '2024-03-25', 0);
INSERT INTO `analysis` VALUES (285, 8, '脉动', 360, '2024-03-25', 0);
INSERT INTO `analysis` VALUES (286, 9, '酷儿', 410, '2024-03-25', 0);
INSERT INTO `analysis` VALUES (287, 10, '高脚杯', 20, '2024-03-25', 0);
INSERT INTO `analysis` VALUES (288, 11, '东鹏特饮', 200, '2024-03-25', 0);
INSERT INTO `analysis` VALUES (289, 12, '农夫山泉', 40, '2024-03-25', 0);
INSERT INTO `analysis` VALUES (290, 4, '可口可乐', 300, '2024-03-26', 0);
INSERT INTO `analysis` VALUES (291, 5, '雪碧', 310, '2024-03-26', 0);
INSERT INTO `analysis` VALUES (292, 6, '芬达', 340, '2024-03-26', 0);
INSERT INTO `analysis` VALUES (293, 7, '红牛', 200, '2024-03-26', 0);
INSERT INTO `analysis` VALUES (294, 8, '脉动', 250, '2024-03-26', 0);
INSERT INTO `analysis` VALUES (295, 9, '酷儿', 450, '2024-03-26', 0);
INSERT INTO `analysis` VALUES (296, 10, '高脚杯', 21, '2024-03-26', 0);
INSERT INTO `analysis` VALUES (297, 11, '东鹏特饮', 250, '2024-03-26', 0);
INSERT INTO `analysis` VALUES (298, 12, '农夫山泉', 40, '2024-03-26', 0);
INSERT INTO `analysis` VALUES (299, 4, '可口可乐', 245, '2024-03-27', 0);
INSERT INTO `analysis` VALUES (300, 5, '雪碧', 256, '2024-03-27', 0);
INSERT INTO `analysis` VALUES (301, 6, '芬达', 277, '2024-03-27', 0);
INSERT INTO `analysis` VALUES (302, 7, '红牛', 145, '2024-03-27', 0);
INSERT INTO `analysis` VALUES (303, 8, '脉动', 301, '2024-03-27', 0);
INSERT INTO `analysis` VALUES (304, 9, '酷儿', 510, '2024-03-27', 0);
INSERT INTO `analysis` VALUES (305, 10, '高脚杯', 31, '2024-03-27', 0);
INSERT INTO `analysis` VALUES (306, 11, '东鹏特饮', 355, '2024-03-27', 0);
INSERT INTO `analysis` VALUES (307, 12, '农夫山泉', 40, '2024-03-27', 0);
INSERT INTO `analysis` VALUES (308, 6, '芬达', 3000, '2024-03-27', 1);
INSERT INTO `analysis` VALUES (309, 5, '雪碧', 3000, '2024-03-27', 1);
INSERT INTO `analysis` VALUES (310, 4, '可口可乐', 300, '2024-03-28', 0);
INSERT INTO `analysis` VALUES (311, 5, '雪碧', 310, '2024-03-28', 0);
INSERT INTO `analysis` VALUES (312, 6, '芬达', 320, '2024-03-28', 0);
INSERT INTO `analysis` VALUES (313, 7, '红牛', 266, '2024-03-28', 0);
INSERT INTO `analysis` VALUES (314, 8, '脉动', 240, '2024-03-28', 0);
INSERT INTO `analysis` VALUES (315, 9, '酷儿', 550, '2024-03-28', 0);
INSERT INTO `analysis` VALUES (316, 10, '高脚杯', 21, '2024-03-28', 0);
INSERT INTO `analysis` VALUES (317, 11, '东鹏特饮', 145, '2024-03-28', 0);
INSERT INTO `analysis` VALUES (318, 12, '农夫山泉', 45, '2024-03-28', 0);
INSERT INTO `analysis` VALUES (319, 4, '可口可乐', 268, '2024-03-29', 0);
INSERT INTO `analysis` VALUES (320, 5, '雪碧', 278, '2024-03-29', 0);
INSERT INTO `analysis` VALUES (321, 6, '芬达', 214, '2024-03-29', 0);
INSERT INTO `analysis` VALUES (322, 7, '红牛', 234, '2024-03-29', 0);
INSERT INTO `analysis` VALUES (323, 8, '脉动', 189, '2024-03-29', 0);
INSERT INTO `analysis` VALUES (324, 9, '酷儿', 520, '2024-03-29', 0);
INSERT INTO `analysis` VALUES (325, 10, '高脚杯', 31, '2024-03-29', 0);
INSERT INTO `analysis` VALUES (326, 11, '东鹏特饮', 278, '2024-03-29', 0);
INSERT INTO `analysis` VALUES (327, 12, '农夫山泉', 20, '2024-03-29', 0);
INSERT INTO `analysis` VALUES (328, 4, '可口可乐', 255, '2024-03-31', 0);
INSERT INTO `analysis` VALUES (329, 5, '雪碧', 300, '2024-03-31', 0);
INSERT INTO `analysis` VALUES (330, 6, '芬达', 233, '2024-03-31', 0);
INSERT INTO `analysis` VALUES (331, 7, '红牛', 122, '2024-03-31', 0);
INSERT INTO `analysis` VALUES (332, 8, '脉动', 213, '2024-03-31', 0);
INSERT INTO `analysis` VALUES (333, 9, '酷儿', 620, '2024-03-31', 0);
INSERT INTO `analysis` VALUES (334, 10, '高脚杯', 21, '2024-03-31', 0);
INSERT INTO `analysis` VALUES (335, 11, '东鹏特饮', 155, '2024-03-31', 0);
INSERT INTO `analysis` VALUES (336, 12, '农夫山泉', 20, '2024-03-31', 0);
INSERT INTO `analysis` VALUES (337, 4, '可口可乐', 2000, '2024-04-01', 1);
INSERT INTO `analysis` VALUES (338, 4, '可口可乐', 213, '2024-04-01', 0);
INSERT INTO `analysis` VALUES (339, 5, '雪碧', 256, '2024-04-01', 0);
INSERT INTO `analysis` VALUES (340, 6, '芬达', 244, '2024-04-01', 0);
INSERT INTO `analysis` VALUES (341, 7, '红牛', 124, '2024-04-01', 0);
INSERT INTO `analysis` VALUES (342, 8, '脉动', 122, '2024-04-01', 0);
INSERT INTO `analysis` VALUES (343, 9, '酷儿', 560, '2024-04-01', 0);
INSERT INTO `analysis` VALUES (344, 10, '高脚杯', 23, '2024-04-01', 0);
INSERT INTO `analysis` VALUES (345, 11, '东鹏特饮', 112, '2024-04-01', 0);
INSERT INTO `analysis` VALUES (346, 12, '农夫山泉', 21, '2024-04-01', 0);
INSERT INTO `analysis` VALUES (347, 4, '可口可乐', 256, '2024-04-02', 0);
INSERT INTO `analysis` VALUES (348, 5, '雪碧', 122, '2024-04-02', 0);
INSERT INTO `analysis` VALUES (349, 6, '芬达', 342, '2024-04-02', 0);
INSERT INTO `analysis` VALUES (350, 7, '红牛', 322, '2024-04-02', 0);
INSERT INTO `analysis` VALUES (351, 8, '脉动', 213, '2024-04-02', 0);
INSERT INTO `analysis` VALUES (352, 9, '酷儿', 555, '2024-04-02', 0);
INSERT INTO `analysis` VALUES (353, 11, '东鹏特饮', 157, '2024-04-02', 0);
INSERT INTO `analysis` VALUES (354, 12, '农夫山泉', 34, '2024-04-02', 0);
INSERT INTO `analysis` VALUES (355, 13, '筷子', 1000, '2024-04-02', 1);
INSERT INTO `analysis` VALUES (356, 14, '汤勺', 1000, '2024-04-02', 1);
INSERT INTO `analysis` VALUES (357, 15, '刀叉', 1000, '2024-04-02', 1);
INSERT INTO `analysis` VALUES (358, 16, '小圆碟', 1000, '2024-04-02', 1);
INSERT INTO `analysis` VALUES (359, 17, '圆盘', 1000, '2024-04-02', 1);
INSERT INTO `analysis` VALUES (360, 10, '高脚杯', 34, '2024-04-02', 0);
INSERT INTO `analysis` VALUES (361, 13, '筷子', 21, '2024-04-02', 0);
INSERT INTO `analysis` VALUES (362, 14, '汤勺', 23, '2024-04-02', 0);
INSERT INTO `analysis` VALUES (363, 15, '刀叉', 24, '2024-04-02', 0);
INSERT INTO `analysis` VALUES (364, 16, '小圆碟', 25, '2024-04-02', 0);
INSERT INTO `analysis` VALUES (365, 17, '圆盘', 26, '2024-04-02', 0);
INSERT INTO `analysis` VALUES (366, 4, '可口可乐', 234, '2024-04-03', 0);
INSERT INTO `analysis` VALUES (367, 5, '雪碧', 235, '2024-04-03', 0);
INSERT INTO `analysis` VALUES (368, 6, '芬达', 256, '2024-04-03', 0);
INSERT INTO `analysis` VALUES (369, 7, '红牛', 243, '2024-04-03', 0);
INSERT INTO `analysis` VALUES (370, 8, '脉动', 321, '2024-04-03', 0);
INSERT INTO `analysis` VALUES (371, 9, '酷儿', 564, '2024-04-03', 0);
INSERT INTO `analysis` VALUES (372, 11, '东鹏特饮', 241, '2024-04-03', 0);
INSERT INTO `analysis` VALUES (373, 12, '农夫山泉', 34, '2024-04-03', 0);
INSERT INTO `analysis` VALUES (374, 10, '高脚杯', 34, '2024-04-03', 0);
INSERT INTO `analysis` VALUES (375, 13, '筷子', 36, '2024-04-03', 0);
INSERT INTO `analysis` VALUES (376, 14, '汤勺', 41, '2024-04-03', 0);
INSERT INTO `analysis` VALUES (377, 15, '刀叉', 32, '2024-04-03', 0);
INSERT INTO `analysis` VALUES (378, 16, '小圆碟', 44, '2024-04-03', 0);
INSERT INTO `analysis` VALUES (379, 17, '圆盘', 55, '2024-04-03', 0);
INSERT INTO `analysis` VALUES (380, 4, '可口可乐', 256, '2024-04-04', 0);
INSERT INTO `analysis` VALUES (381, 5, '雪碧', 267, '2024-04-04', 0);
INSERT INTO `analysis` VALUES (382, 6, '芬达', 278, '2024-04-04', 0);
INSERT INTO `analysis` VALUES (383, 7, '红牛', 1000, '2024-04-04', 1);
INSERT INTO `analysis` VALUES (384, 7, '红牛', 267, '2024-04-04', 0);
INSERT INTO `analysis` VALUES (385, 8, '脉动', 254, '2024-04-04', 0);
INSERT INTO `analysis` VALUES (386, 9, '酷儿', 561, '2024-04-04', 0);
INSERT INTO `analysis` VALUES (387, 11, '东鹏特饮', 213, '2024-04-04', 0);
INSERT INTO `analysis` VALUES (388, 12, '农夫山泉', 45, '2024-04-04', 0);
INSERT INTO `analysis` VALUES (389, 10, '高脚杯', 31, '2024-04-04', 0);
INSERT INTO `analysis` VALUES (390, 13, '筷子', 34, '2024-04-04', 0);
INSERT INTO `analysis` VALUES (391, 14, '汤勺', 41, '2024-04-04', 0);
INSERT INTO `analysis` VALUES (392, 15, '刀叉', 32, '2024-04-04', 0);
INSERT INTO `analysis` VALUES (393, 16, '小圆碟', 45, '2024-04-04', 0);
INSERT INTO `analysis` VALUES (394, 17, '圆盘', 34, '2024-04-04', 0);
INSERT INTO `analysis` VALUES (395, 4, '可口可乐', 5000, '2024-04-04', 1);
INSERT INTO `analysis` VALUES (396, 8, '脉动', 5000, '2024-04-04', 1);
INSERT INTO `analysis` VALUES (397, 10, '高脚杯', 500, '2024-04-04', 1);
INSERT INTO `analysis` VALUES (398, 12, '农夫山泉', 300, '2024-04-04', 1);
INSERT INTO `analysis` VALUES (399, 10, '高脚杯', 2000, '2024-04-05', 1);
INSERT INTO `analysis` VALUES (400, 13, '筷子', 2000, '2024-04-05', 1);
INSERT INTO `analysis` VALUES (401, 14, '汤勺', 2000, '2024-04-05', 1);
INSERT INTO `analysis` VALUES (402, 15, '刀叉', 2000, '2024-04-05', 1);
INSERT INTO `analysis` VALUES (403, 16, '小圆碟', 2000, '2024-04-05', 1);
INSERT INTO `analysis` VALUES (404, 17, '圆盘', 2000, '2024-04-05', 1);
INSERT INTO `analysis` VALUES (405, 4, '可口可乐', 275, '2024-04-05', 0);
INSERT INTO `analysis` VALUES (406, 5, '雪碧', 310, '2024-04-05', 0);
INSERT INTO `analysis` VALUES (407, 6, '芬达', 213, '2024-04-05', 0);
INSERT INTO `analysis` VALUES (408, 7, '红牛', 157, '2024-04-05', 0);
INSERT INTO `analysis` VALUES (409, 8, '脉动', 200, '2024-04-05', 0);
INSERT INTO `analysis` VALUES (410, 9, '酷儿', 540, '2024-04-05', 0);
INSERT INTO `analysis` VALUES (411, 11, '东鹏特饮', 350, '2024-04-05', 0);
INSERT INTO `analysis` VALUES (412, 12, '农夫山泉', 45, '2024-04-05', 0);
INSERT INTO `analysis` VALUES (413, 10, '高脚杯', 36, '2024-04-05', 0);
INSERT INTO `analysis` VALUES (414, 13, '筷子', 36, '2024-04-05', 0);
INSERT INTO `analysis` VALUES (415, 14, '汤勺', 43, '2024-04-05', 0);
INSERT INTO `analysis` VALUES (416, 15, '刀叉', 34, '2024-04-05', 0);
INSERT INTO `analysis` VALUES (417, 16, '小圆碟', 46, '2024-04-05', 0);
INSERT INTO `analysis` VALUES (418, 17, '圆盘', 33, '2024-04-05', 0);
INSERT INTO `analysis` VALUES (419, 4, '可口可乐', 280, '2024-04-06', 0);
INSERT INTO `analysis` VALUES (420, 5, '雪碧', 311, '2024-04-06', 0);
INSERT INTO `analysis` VALUES (421, 6, '芬达', 220, '2024-04-06', 0);
INSERT INTO `analysis` VALUES (422, 7, '红牛', 155, '2024-04-06', 0);
INSERT INTO `analysis` VALUES (423, 8, '脉动', 178, '2024-04-06', 0);
INSERT INTO `analysis` VALUES (424, 9, '酷儿', 550, '2024-04-06', 0);
INSERT INTO `analysis` VALUES (425, 11, '东鹏特饮', 350, '2024-04-06', 0);
INSERT INTO `analysis` VALUES (426, 12, '农夫山泉', 44, '2024-04-06', 0);
INSERT INTO `analysis` VALUES (427, 11, '东鹏特饮', 3000, '2024-04-06', 1);
INSERT INTO `analysis` VALUES (428, 7, '红牛', 3000, '2024-04-06', 1);
INSERT INTO `analysis` VALUES (429, 10, '高脚杯', 37, '2024-04-06', 0);
INSERT INTO `analysis` VALUES (430, 13, '筷子', 35, '2024-04-06', 0);
INSERT INTO `analysis` VALUES (431, 14, '汤勺', 43, '2024-04-06', 0);
INSERT INTO `analysis` VALUES (432, 15, '刀叉', 36, '2024-04-06', 0);
INSERT INTO `analysis` VALUES (433, 16, '小圆碟', 47, '2024-04-06', 0);
INSERT INTO `analysis` VALUES (434, 17, '圆盘', 34, '2024-04-06', 0);
INSERT INTO `analysis` VALUES (435, 4, '可口可乐', 278, '2024-04-07', 0);
INSERT INTO `analysis` VALUES (436, 5, '雪碧', 311, '2024-04-07', 0);
INSERT INTO `analysis` VALUES (437, 6, '芬达', 212, '2024-04-07', 0);
INSERT INTO `analysis` VALUES (438, 7, '红牛', 167, '2024-04-07', 0);
INSERT INTO `analysis` VALUES (439, 8, '脉动', 199, '2024-04-07', 0);
INSERT INTO `analysis` VALUES (440, 9, '酷儿', 544, '2024-04-07', 0);
INSERT INTO `analysis` VALUES (441, 11, '东鹏特饮', 376, '2024-04-07', 0);
INSERT INTO `analysis` VALUES (442, 12, '农夫山泉', 46, '2024-04-07', 0);
INSERT INTO `analysis` VALUES (443, 10, '高脚杯', 35, '2024-04-07', 0);
INSERT INTO `analysis` VALUES (444, 13, '筷子', 34, '2024-04-07', 0);
INSERT INTO `analysis` VALUES (445, 14, '汤勺', 43, '2024-04-07', 0);
INSERT INTO `analysis` VALUES (446, 15, '刀叉', 35, '2024-04-07', 0);
INSERT INTO `analysis` VALUES (447, 16, '小圆碟', 44, '2024-04-07', 0);
INSERT INTO `analysis` VALUES (448, 17, '圆盘', 34, '2024-04-07', 0);
INSERT INTO `analysis` VALUES (449, 4, '可口可乐', 286, '2024-04-08', 0);
INSERT INTO `analysis` VALUES (450, 5, '雪碧', 318, '2024-04-08', 0);
INSERT INTO `analysis` VALUES (451, 6, '芬达', 223, '2024-04-08', 0);
INSERT INTO `analysis` VALUES (452, 7, '红牛', 167, '2024-04-08', 0);
INSERT INTO `analysis` VALUES (453, 8, '脉动', 189, '2024-04-08', 0);
INSERT INTO `analysis` VALUES (454, 9, '酷儿', 550, '2024-04-08', 0);
INSERT INTO `analysis` VALUES (455, 11, '东鹏特饮', 360, '2024-04-08', 0);
INSERT INTO `analysis` VALUES (456, 12, '农夫山泉', 43, '2024-04-08', 0);
INSERT INTO `analysis` VALUES (457, 10, '高脚杯', 37, '2024-04-08', 0);
INSERT INTO `analysis` VALUES (458, 13, '筷子', 37, '2024-04-08', 0);
INSERT INTO `analysis` VALUES (459, 14, '汤勺', 45, '2024-04-08', 0);
INSERT INTO `analysis` VALUES (460, 15, '刀叉', 35, '2024-04-08', 0);
INSERT INTO `analysis` VALUES (461, 16, '小圆碟', 44, '2024-04-08', 0);
INSERT INTO `analysis` VALUES (462, 17, '圆盘', 36, '2024-04-08', 0);
INSERT INTO `analysis` VALUES (463, 4, '可口可乐', 289, '2024-04-09', 0);
INSERT INTO `analysis` VALUES (464, 5, '雪碧', 319, '2024-04-09', 0);
INSERT INTO `analysis` VALUES (465, 6, '芬达', 223, '2024-04-09', 0);
INSERT INTO `analysis` VALUES (466, 7, '红牛', 167, '2024-04-09', 0);
INSERT INTO `analysis` VALUES (467, 8, '脉动', 210, '2024-04-09', 0);
INSERT INTO `analysis` VALUES (468, 9, '酷儿', 560, '2024-04-09', 0);
INSERT INTO `analysis` VALUES (469, 11, '东鹏特饮', 345, '2024-04-09', 0);
INSERT INTO `analysis` VALUES (470, 12, '农夫山泉', 50, '2024-04-09', 0);
INSERT INTO `analysis` VALUES (471, 10, '高脚杯', 41, '2024-04-09', 0);
INSERT INTO `analysis` VALUES (472, 13, '筷子', 36, '2024-04-09', 0);
INSERT INTO `analysis` VALUES (473, 14, '汤勺', 41, '2024-04-09', 0);
INSERT INTO `analysis` VALUES (474, 15, '刀叉', 51, '2024-04-09', 0);
INSERT INTO `analysis` VALUES (475, 16, '小圆碟', 47, '2024-04-09', 0);
INSERT INTO `analysis` VALUES (476, 17, '圆盘', 33, '2024-04-09', 0);
INSERT INTO `analysis` VALUES (477, 4, '可口可乐', 303, '2024-04-10', 0);
INSERT INTO `analysis` VALUES (478, 5, '雪碧', 311, '2024-04-10', 0);
INSERT INTO `analysis` VALUES (479, 6, '芬达', 200, '2024-04-10', 0);
INSERT INTO `analysis` VALUES (480, 7, '红牛', 155, '2024-04-10', 0);
INSERT INTO `analysis` VALUES (481, 8, '脉动', 211, '2024-04-10', 0);
INSERT INTO `analysis` VALUES (482, 9, '酷儿', 560, '2024-04-10', 0);
INSERT INTO `analysis` VALUES (483, 11, '东鹏特饮', 367, '2024-04-10', 0);
INSERT INTO `analysis` VALUES (484, 12, '农夫山泉', 44, '2024-04-10', 0);
INSERT INTO `analysis` VALUES (485, 5, '雪碧', 3000, '2024-04-10', 1);
INSERT INTO `analysis` VALUES (486, 6, '芬达', 2000, '2024-04-10', 1);
INSERT INTO `analysis` VALUES (487, 12, '农夫山泉', 1000, '2024-04-10', 1);
INSERT INTO `analysis` VALUES (488, 10, '高脚杯', 41, '2024-04-10', 0);
INSERT INTO `analysis` VALUES (489, 13, '筷子', 42, '2024-04-10', 0);
INSERT INTO `analysis` VALUES (490, 14, '汤勺', 45, '2024-04-10', 0);
INSERT INTO `analysis` VALUES (491, 15, '刀叉', 35, '2024-04-10', 0);
INSERT INTO `analysis` VALUES (492, 16, '小圆碟', 49, '2024-04-10', 0);
INSERT INTO `analysis` VALUES (493, 17, '圆盘', 33, '2024-04-10', 0);
INSERT INTO `analysis` VALUES (494, 4, '可口可乐', 290, '2024-04-11', 0);
INSERT INTO `analysis` VALUES (495, 5, '雪碧', 311, '2024-04-11', 0);
INSERT INTO `analysis` VALUES (496, 6, '芬达', 209, '2024-04-11', 0);
INSERT INTO `analysis` VALUES (497, 7, '红牛', 158, '2024-04-11', 0);
INSERT INTO `analysis` VALUES (498, 8, '脉动', 198, '2024-04-11', 0);
INSERT INTO `analysis` VALUES (499, 9, '酷儿', 566, '2024-04-11', 0);
INSERT INTO `analysis` VALUES (500, 11, '东鹏特饮', 367, '2024-04-11', 0);
INSERT INTO `analysis` VALUES (501, 12, '农夫山泉', 49, '2024-04-11', 0);
INSERT INTO `analysis` VALUES (502, 10, '高脚杯', 37, '2024-04-11', 0);
INSERT INTO `analysis` VALUES (503, 13, '筷子', 41, '2024-04-11', 0);
INSERT INTO `analysis` VALUES (504, 14, '汤勺', 51, '2024-04-11', 0);
INSERT INTO `analysis` VALUES (505, 15, '刀叉', 36, '2024-04-11', 0);
INSERT INTO `analysis` VALUES (506, 16, '小圆碟', 49, '2024-04-11', 0);
INSERT INTO `analysis` VALUES (507, 17, '圆盘', 39, '2024-04-11', 0);
INSERT INTO `analysis` VALUES (508, 4, '可口可乐', 289, '2024-04-12', 0);
INSERT INTO `analysis` VALUES (509, 5, '雪碧', 312, '2024-04-12', 0);
INSERT INTO `analysis` VALUES (510, 6, '芬达', 213, '2024-04-12', 0);
INSERT INTO `analysis` VALUES (511, 7, '红牛', 167, '2024-04-12', 0);
INSERT INTO `analysis` VALUES (512, 8, '脉动', 210, '2024-04-12', 0);
INSERT INTO `analysis` VALUES (513, 9, '酷儿', 567, '2024-04-12', 0);
INSERT INTO `analysis` VALUES (514, 11, '东鹏特饮', 367, '2024-04-12', 0);
INSERT INTO `analysis` VALUES (515, 12, '农夫山泉', 43, '2024-04-12', 0);
INSERT INTO `analysis` VALUES (516, 10, '高脚杯', 41, '2024-04-12', 0);
INSERT INTO `analysis` VALUES (517, 13, '筷子', 42, '2024-04-12', 0);
INSERT INTO `analysis` VALUES (518, 14, '汤勺', 52, '2024-04-12', 0);
INSERT INTO `analysis` VALUES (519, 15, '刀叉', 35, '2024-04-12', 0);
INSERT INTO `analysis` VALUES (520, 16, '小圆碟', 48, '2024-04-12', 0);
INSERT INTO `analysis` VALUES (521, 17, '圆盘', 37, '2024-04-12', 0);
INSERT INTO `analysis` VALUES (522, 4, '可口可乐', 287, '2024-04-13', 0);
INSERT INTO `analysis` VALUES (523, 5, '雪碧', 320, '2024-04-13', 0);
INSERT INTO `analysis` VALUES (524, 6, '芬达', 211, '2024-04-13', 0);
INSERT INTO `analysis` VALUES (525, 7, '红牛', 167, '2024-04-13', 0);
INSERT INTO `analysis` VALUES (526, 8, '脉动', 189, '2024-04-13', 0);
INSERT INTO `analysis` VALUES (527, 9, '酷儿', 577, '2024-04-13', 0);
INSERT INTO `analysis` VALUES (528, 11, '东鹏特饮', 379, '2024-04-13', 0);
INSERT INTO `analysis` VALUES (529, 12, '农夫山泉', 51, '2024-04-13', 0);
INSERT INTO `analysis` VALUES (530, 10, '高脚杯', 44, '2024-04-13', 0);
INSERT INTO `analysis` VALUES (531, 13, '筷子', 44, '2024-04-13', 0);
INSERT INTO `analysis` VALUES (532, 14, '汤勺', 46, '2024-04-13', 0);
INSERT INTO `analysis` VALUES (533, 15, '刀叉', 38, '2024-04-13', 0);
INSERT INTO `analysis` VALUES (534, 16, '小圆碟', 56, '2024-04-13', 0);
INSERT INTO `analysis` VALUES (535, 17, '圆盘', 41, '2024-04-13', 0);
INSERT INTO `analysis` VALUES (536, 4, '可口可乐', 278, '2024-04-14', 0);
INSERT INTO `analysis` VALUES (537, 5, '雪碧', 334, '2024-04-14', 0);
INSERT INTO `analysis` VALUES (538, 6, '芬达', 231, '2024-04-14', 0);
INSERT INTO `analysis` VALUES (539, 7, '红牛', 168, '2024-04-14', 0);
INSERT INTO `analysis` VALUES (540, 8, '脉动', 199, '2024-04-14', 0);
INSERT INTO `analysis` VALUES (541, 9, '酷儿', 578, '2024-04-14', 0);
INSERT INTO `analysis` VALUES (542, 11, '东鹏特饮', 376, '2024-04-14', 0);
INSERT INTO `analysis` VALUES (543, 12, '农夫山泉', 56, '2024-04-14', 0);
INSERT INTO `analysis` VALUES (544, 10, '高脚杯', 44, '2024-04-14', 0);
INSERT INTO `analysis` VALUES (545, 13, '筷子', 45, '2024-04-14', 0);
INSERT INTO `analysis` VALUES (546, 14, '汤勺', 51, '2024-04-14', 0);
INSERT INTO `analysis` VALUES (547, 15, '刀叉', 40, '2024-04-14', 0);
INSERT INTO `analysis` VALUES (548, 16, '小圆碟', 55, '2024-04-14', 0);
INSERT INTO `analysis` VALUES (549, 17, '圆盘', 38, '2024-04-14', 0);
INSERT INTO `analysis` VALUES (550, 11, '东鹏特饮', 2000, '2024-04-15', 1);
INSERT INTO `analysis` VALUES (551, 4, '可口可乐', 277, '2024-04-15', 0);
INSERT INTO `analysis` VALUES (552, 5, '雪碧', 312, '2024-04-15', 0);
INSERT INTO `analysis` VALUES (553, 6, '芬达', 233, '2024-04-15', 0);
INSERT INTO `analysis` VALUES (554, 7, '红牛', 178, '2024-04-15', 0);
INSERT INTO `analysis` VALUES (555, 8, '脉动', 207, '2024-04-15', 0);
INSERT INTO `analysis` VALUES (556, 9, '酷儿', 579, '2024-04-15', 0);
INSERT INTO `analysis` VALUES (557, 11, '东鹏特饮', 378, '2024-04-15', 0);
INSERT INTO `analysis` VALUES (558, 12, '农夫山泉', 55, '2024-04-15', 0);
INSERT INTO `analysis` VALUES (559, 10, '高脚杯', 45, '2024-04-15', 0);
INSERT INTO `analysis` VALUES (560, 13, '筷子', 46, '2024-04-15', 0);
INSERT INTO `analysis` VALUES (561, 14, '汤勺', 55, '2024-04-15', 0);
INSERT INTO `analysis` VALUES (562, 15, '刀叉', 36, '2024-04-15', 0);
INSERT INTO `analysis` VALUES (563, 16, '小圆碟', 56, '2024-04-15', 0);
INSERT INTO `analysis` VALUES (564, 17, '圆盘', 34, '2024-04-15', 0);
INSERT INTO `analysis` VALUES (565, 4, '可口可乐', 288, '2024-04-16', 0);
INSERT INTO `analysis` VALUES (566, 5, '雪碧', 324, '2024-04-16', 0);
INSERT INTO `analysis` VALUES (567, 6, '芬达', 233, '2024-04-16', 0);
INSERT INTO `analysis` VALUES (568, 7, '红牛', 167, '2024-04-16', 0);
INSERT INTO `analysis` VALUES (569, 8, '脉动', 209, '2024-04-16', 0);
INSERT INTO `analysis` VALUES (570, 9, '酷儿', 581, '2024-04-16', 0);
INSERT INTO `analysis` VALUES (571, 11, '东鹏特饮', 377, '2024-04-16', 0);
INSERT INTO `analysis` VALUES (572, 12, '农夫山泉', 45, '2024-04-16', 0);
INSERT INTO `analysis` VALUES (573, 10, '高脚杯', 41, '2024-04-16', 0);
INSERT INTO `analysis` VALUES (574, 13, '筷子', 41, '2024-04-16', 0);
INSERT INTO `analysis` VALUES (575, 14, '汤勺', 46, '2024-04-16', 0);
INSERT INTO `analysis` VALUES (576, 15, '刀叉', 37, '2024-04-16', 0);
INSERT INTO `analysis` VALUES (577, 16, '小圆碟', 51, '2024-04-16', 0);
INSERT INTO `analysis` VALUES (578, 17, '圆盘', 38, '2024-04-16', 0);
INSERT INTO `analysis` VALUES (579, 4, '可口可乐', 279, '2024-04-17', 0);
INSERT INTO `analysis` VALUES (580, 5, '雪碧', 311, '2024-04-17', 0);
INSERT INTO `analysis` VALUES (581, 6, '芬达', 200, '2024-04-17', 0);
INSERT INTO `analysis` VALUES (582, 7, '红牛', 165, '2024-04-17', 0);
INSERT INTO `analysis` VALUES (583, 8, '脉动', 199, '2024-04-17', 0);
INSERT INTO `analysis` VALUES (584, 9, '酷儿', 577, '2024-04-17', 0);
INSERT INTO `analysis` VALUES (585, 11, '东鹏特饮', 379, '2024-04-17', 0);
INSERT INTO `analysis` VALUES (586, 12, '农夫山泉', 51, '2024-04-17', 0);
INSERT INTO `analysis` VALUES (587, 10, '高脚杯', 38, '2024-04-17', 0);
INSERT INTO `analysis` VALUES (588, 13, '筷子', 40, '2024-04-17', 0);
INSERT INTO `analysis` VALUES (589, 14, '汤勺', 44, '2024-04-17', 0);
INSERT INTO `analysis` VALUES (590, 15, '刀叉', 36, '2024-04-17', 0);
INSERT INTO `analysis` VALUES (591, 16, '小圆碟', 49, '2024-04-17', 0);
INSERT INTO `analysis` VALUES (592, 17, '圆盘', 36, '2024-04-17', 0);
INSERT INTO `analysis` VALUES (593, 4, '可口可乐', 278, '2024-04-18', 0);
INSERT INTO `analysis` VALUES (594, 5, '雪碧', 510, '2024-04-18', 0);
INSERT INTO `analysis` VALUES (595, 6, '芬达', 209, '2024-04-18', 0);
INSERT INTO `analysis` VALUES (596, 7, '红牛', 155, '2024-04-18', 0);
INSERT INTO `analysis` VALUES (597, 8, '脉动', 295, '2024-04-18', 0);
INSERT INTO `analysis` VALUES (598, 9, '酷儿', 574, '2024-04-18', 0);
INSERT INTO `analysis` VALUES (599, 11, '东鹏特饮', 367, '2024-04-18', 0);
INSERT INTO `analysis` VALUES (600, 12, '农夫山泉', 45, '2024-04-18', 0);
INSERT INTO `analysis` VALUES (601, 10, '高脚杯', 37, '2024-04-18', 0);
INSERT INTO `analysis` VALUES (602, 13, '筷子', 36, '2024-04-18', 0);
INSERT INTO `analysis` VALUES (603, 14, '汤勺', 41, '2024-04-18', 0);
INSERT INTO `analysis` VALUES (604, 15, '刀叉', 32, '2024-04-18', 0);
INSERT INTO `analysis` VALUES (605, 16, '小圆碟', 45, '2024-04-18', 0);
INSERT INTO `analysis` VALUES (606, 17, '圆盘', 32, '2024-04-18', 0);
INSERT INTO `analysis` VALUES (608, 5, '雪碧', 1, '2024-09-24', 0);
INSERT INTO `analysis` VALUES (609, 10, '高脚杯', 50, '2024-09-24', 0);
INSERT INTO `analysis` VALUES (610, 4, '可口可乐', 5555, '2024-09-24', 1);
INSERT INTO `analysis` VALUES (611, 9, '酷儿', 200, '2024-09-24', 1);
INSERT INTO `analysis` VALUES (612, 7, '红牛', 300, '2024-09-24', 0);
INSERT INTO `analysis` VALUES (613, 5, '雪碧', 500, '2024-09-24', 1);
INSERT INTO `analysis` VALUES (614, 4, '可口可乐', 8000, '2024-10-23', 1);
INSERT INTO `analysis` VALUES (615, 9, '酷儿', 600, '2024-10-23', 0);
INSERT INTO `analysis` VALUES (616, 11, '东鹏特饮', 200, '2024-10-23', 1);
INSERT INTO `analysis` VALUES (617, 10, '高脚杯', 500, '2024-10-23', 0);
INSERT INTO `analysis` VALUES (618, 6, '芬达', 70, '2024-10-23', 0);
INSERT INTO `analysis` VALUES (619, 4, '可口可乐', 600, '2024-10-23', 0);
INSERT INTO `analysis` VALUES (620, 11, '东鹏特饮', 50, '2024-10-23', 0);

-- ----------------------------
-- Table structure for goods
-- ----------------------------
DROP TABLE IF EXISTS `goods`;
CREATE TABLE `goods`  (
  `id` int NOT NULL AUTO_INCREMENT,
  `name` varchar(255) CHARACTER SET utf8 COLLATE utf8_general_ci NOT NULL COMMENT '货物名称',
  `storage` int NOT NULL COMMENT '仓库名',
  `goodstype` int NOT NULL COMMENT '物品分类',
  `count` int NOT NULL DEFAULT 0 COMMENT '物品数量',
  `remark` varchar(255) CHARACTER SET utf8 COLLATE utf8_general_ci NULL DEFAULT NULL COMMENT '备注',
  PRIMARY KEY (`id`) USING BTREE
) ENGINE = InnoDB AUTO_INCREMENT = 21 CHARACTER SET = utf8 COLLATE = utf8_general_ci ROW_FORMAT = DYNAMIC;

-- ----------------------------
-- Records of goods
-- ----------------------------
INSERT INTO `goods` VALUES (4, '可口可乐', 1, 1, 15458, '库存小于预计7日库存:1788请及时补货 ! ! !');
INSERT INTO `goods` VALUES (5, '雪碧', 1, 1, 1273, '');
INSERT INTO `goods` VALUES (6, '芬达', 1, 1, 439, '');
INSERT INTO `goods` VALUES (7, '红牛', 1, 1, 1362, '');
INSERT INTO `goods` VALUES (8, '脉动', 1, 1, 2141, '');
INSERT INTO `goods` VALUES (9, '酷儿', 1, 1, 29395, '');
INSERT INTO `goods` VALUES (10, '高脚杯', 1, 3, 1615, '');
INSERT INTO `goods` VALUES (11, '东鹏特饮', 1, 1, 854, '');
INSERT INTO `goods` VALUES (12, '农夫山泉', 1, 1, 828, '');
INSERT INTO `goods` VALUES (13, '筷子', 3, 3, 2354, '');
INSERT INTO `goods` VALUES (14, '汤勺', 3, 3, 2249, '');
INSERT INTO `goods` VALUES (15, '刀叉', 3, 3, 2396, '');
INSERT INTO `goods` VALUES (16, '小圆碟', 3, 3, 2200, '');
INSERT INTO `goods` VALUES (17, '圆盘', 3, 3, 2387, '');
INSERT INTO `goods` VALUES (20, '百事可乐', 1, 1, 0, '');

-- ----------------------------
-- Table structure for goodstype
-- ----------------------------
DROP TABLE IF EXISTS `goodstype`;
CREATE TABLE `goodstype`  (
  `id` int NOT NULL AUTO_INCREMENT,
  `name` varchar(255) CHARACTER SET utf8 COLLATE utf8_general_ci NOT NULL COMMENT '分类名',
  `remark` varchar(255) CHARACTER SET utf8 COLLATE utf8_general_ci NULL DEFAULT NULL COMMENT '备注',
  PRIMARY KEY (`id`) USING BTREE
) ENGINE = InnoDB AUTO_INCREMENT = 5 CHARACTER SET = utf8 COLLATE = utf8_general_ci ROW_FORMAT = DYNAMIC;

-- ----------------------------
-- Records of goodstype
-- ----------------------------
INSERT INTO `goodstype` VALUES (1, '食品类', '年货促销专区1');
INSERT INTO `goodstype` VALUES (3, '餐具类', '6666666');

-- ----------------------------
-- Table structure for menu
-- ----------------------------
DROP TABLE IF EXISTS `menu`;
CREATE TABLE `menu`  (
  `id` int NOT NULL,
  `menuCode` varchar(8) CHARACTER SET utf8 COLLATE utf8_general_ci NULL DEFAULT NULL COMMENT '菜单编码',
  `menuName` varchar(16) CHARACTER SET utf8 COLLATE utf8_general_ci NULL DEFAULT NULL COMMENT '菜单名字',
  `menuLevel` varchar(2) CHARACTER SET utf8 COLLATE utf8_general_ci NULL DEFAULT NULL COMMENT '菜单级别',
  `menuParentCode` varchar(8) CHARACTER SET utf8 COLLATE utf8_general_ci NULL DEFAULT NULL COMMENT '菜单的父code',
  `menuClick` varchar(16) CHARACTER SET utf8 COLLATE utf8_general_ci NULL DEFAULT NULL COMMENT '点击触发的函数',
  `menuRight` varchar(8) CHARACTER SET utf8 COLLATE utf8_general_ci NULL DEFAULT NULL COMMENT '权限 0超级管理员 1管理员 2普通用户 可以用逗号组合使用',
  `menuComponent` varchar(200) CHARACTER SET utf8 COLLATE utf8_general_ci NULL DEFAULT NULL COMMENT '页面路径',
  `menuIcon` varchar(100) CHARACTER SET utf8 COLLATE utf8_general_ci NULL DEFAULT NULL COMMENT '页面图标',
  PRIMARY KEY (`id`) USING BTREE
) ENGINE = InnoDB CHARACTER SET = utf8 COLLATE = utf8_general_ci ROW_FORMAT = DYNAMIC;

-- ----------------------------
-- Records of menu
-- ----------------------------
INSERT INTO `menu` VALUES (1, '001', '管理员管理', '1', NULL, 'Admin', '0', 'admin/AdminManage', 'el-icon-s-custom');
INSERT INTO `menu` VALUES (2, '002', '用户管理', '1 ', NULL, 'User', '0,1', 'user/UserManage', 'el-icon-user-solid');
INSERT INTO `menu` VALUES (3, '003', '仓库管理', '1', NULL, 'Storage', '0,1', 'storage/StorageManage', 'el-icon-office-building');
INSERT INTO `menu` VALUES (4, '004', '物品分类管理', '1', NULL, 'Goodstype', '0,1', 'goodstype/GoodstypeManage', 'el-icon-menu');
INSERT INTO `menu` VALUES (5, '005', '物品管理', '1', NULL, 'Goods', '0,1', 'goods/GoodsManage', 'el-icon-box');
INSERT INTO `menu` VALUES (6, '006', '记录管理', '1', NULL, 'Record', '0,1,2', 'record/RecordManage', 'el-icon-s-order');
INSERT INTO `menu` VALUES (7, '007', '出入库管理', '1', NULL, 'InAndOut', '0,1,2', 'goods/GoodsInAndOut', 'el-icon-pie-chart');
INSERT INTO `menu` VALUES (8, '008', '商品数据', '1', NULL, 'Analysis', '0,1', 'analysis/AnalysisManage', 'el-icon-pie-chart');
INSERT INTO `menu` VALUES (9, '009', '仓库数据', '1', NULL, 'StoreAnalysis', '0,1', 'analysis/StoreAnalysisManage', 'el-icon-date');

-- ----------------------------
-- Table structure for record
-- ----------------------------
DROP TABLE IF EXISTS `record`;
CREATE TABLE `record`  (
  `id` int NOT NULL AUTO_INCREMENT,
  `goods` int NOT NULL COMMENT '货品id',
  `userid` int NOT NULL COMMENT '取货人/补货人',
  `count` int NOT NULL COMMENT '数量',
  `createtime` timestamp NULL DEFAULT CURRENT_TIMESTAMP ON UPDATE CURRENT_TIMESTAMP COMMENT '操作时间',
  `remark` varchar(255) CHARACTER SET utf8 COLLATE utf8_general_ci NULL DEFAULT NULL COMMENT '备注',
  PRIMARY KEY (`id`) USING BTREE
) ENGINE = InnoDB AUTO_INCREMENT = 671 CHARACTER SET = utf8 COLLATE = utf8_general_ci ROW_FORMAT = DYNAMIC;

-- ----------------------------
-- Records of record
-- ----------------------------
INSERT INTO `record` VALUES (51, 4, 1, 1000, '2024-02-15 14:30:13', '');
INSERT INTO `record` VALUES (52, 5, 1, 800, '2024-02-15 14:30:13', '');
INSERT INTO `record` VALUES (53, 6, 1, 900, '2024-02-15 14:30:13', '');
INSERT INTO `record` VALUES (54, 7, 1, 1200, '2024-02-15 14:30:13', '');
INSERT INTO `record` VALUES (55, 8, 1, 1000, '2024-02-15 14:30:13', '');
INSERT INTO `record` VALUES (56, 9, 1, 1000, '2024-02-15 14:30:13', '');
INSERT INTO `record` VALUES (57, 10, 1, 300, '2024-02-15 14:30:13', '');
INSERT INTO `record` VALUES (58, 11, 1, 800, '2024-02-15 14:30:13', '');
INSERT INTO `record` VALUES (59, 12, 1, 500, '2024-02-15 14:30:13', '');
INSERT INTO `record` VALUES (60, 4, 1, -300, '2024-02-15 14:30:13', '');
INSERT INTO `record` VALUES (61, 5, 1, -100, '2024-02-15 14:30:13', '');
INSERT INTO `record` VALUES (62, 6, 1, -100, '2024-02-15 14:30:13', '');
INSERT INTO `record` VALUES (63, 7, 1, -400, '2024-02-15 14:30:13', '');
INSERT INTO `record` VALUES (64, 8, 1, -500, '2024-02-15 14:30:13', '');
INSERT INTO `record` VALUES (65, 9, 1, -200, '2024-02-15 14:30:13', '');
INSERT INTO `record` VALUES (66, 11, 1, -100, '2024-02-15 14:30:13', '');
INSERT INTO `record` VALUES (67, 12, 1, -100, '2024-02-15 14:30:13', '');
INSERT INTO `record` VALUES (68, 10, 1, -22, '2024-02-15 14:30:13', '');
INSERT INTO `record` VALUES (69, 4, 1, -300, '2024-02-16 14:30:13', '');
INSERT INTO `record` VALUES (70, 5, 1, -200, '2024-02-16 14:30:13', '');
INSERT INTO `record` VALUES (71, 6, 1, -300, '2024-02-16 14:30:13', '');
INSERT INTO `record` VALUES (72, 7, 1, -100, '2024-02-16 14:30:13', '');
INSERT INTO `record` VALUES (73, 8, 1, -300, '2024-02-16 14:30:13', '');
INSERT INTO `record` VALUES (74, 9, 1, -400, '2024-02-16 14:30:13', '');
INSERT INTO `record` VALUES (75, 10, 1, -33, '2024-02-16 14:30:13', '');
INSERT INTO `record` VALUES (76, 11, 1, -150, '2024-02-16 14:30:13', '');
INSERT INTO `record` VALUES (77, 12, 1, -50, '2024-02-16 14:30:13', '');
INSERT INTO `record` VALUES (78, 4, 1, -100, '2024-02-17 14:30:13', '');
INSERT INTO `record` VALUES (79, 5, 1, -150, '2024-02-17 14:30:13', '');
INSERT INTO `record` VALUES (80, 6, 1, -200, '2024-02-17 14:30:13', '');
INSERT INTO `record` VALUES (81, 7, 1, -200, '2024-02-17 14:30:13', '');
INSERT INTO `record` VALUES (82, 8, 1, -150, '2024-02-17 14:30:13', '');
INSERT INTO `record` VALUES (83, 9, 1, -300, '2024-02-17 14:30:13', '');
INSERT INTO `record` VALUES (84, 10, 1, -22, '2024-02-17 14:30:13', '');
INSERT INTO `record` VALUES (85, 11, 1, -150, '2024-02-17 14:30:13', '');
INSERT INTO `record` VALUES (86, 12, 1, -50, '2024-02-17 14:30:13', '');
INSERT INTO `record` VALUES (87, 8, 1, 1000, '2024-02-18 14:30:13', '');
INSERT INTO `record` VALUES (88, 9, 1, 2000, '2024-02-18 14:30:13', '');
INSERT INTO `record` VALUES (89, 4, 1, 1000, '2024-02-18 14:30:13', '');
INSERT INTO `record` VALUES (90, 5, 1, 1000, '2024-02-18 14:30:13', '');
INSERT INTO `record` VALUES (91, 6, 1, 1000, '2024-02-18 14:30:13', '');
INSERT INTO `record` VALUES (92, 7, 1, 500, '2024-02-18 14:30:13', '');
INSERT INTO `record` VALUES (93, 11, 1, 800, '2024-02-18 14:30:13', '');
INSERT INTO `record` VALUES (94, 12, 1, 200, '2024-02-18 14:30:13', '');
INSERT INTO `record` VALUES (95, 4, 1, -200, '2024-02-18 14:30:13', '');
INSERT INTO `record` VALUES (96, 5, 1, -200, '2024-02-18 14:30:13', '');
INSERT INTO `record` VALUES (97, 6, 1, -250, '2024-02-18 14:30:13', '');
INSERT INTO `record` VALUES (98, 7, 1, -100, '2024-02-18 14:30:13', '');
INSERT INTO `record` VALUES (99, 8, 1, -200, '2024-02-18 14:30:13', '');
INSERT INTO `record` VALUES (100, 9, 1, -400, '2024-02-18 14:30:13', '');
INSERT INTO `record` VALUES (101, 10, 1, -22, '2024-02-18 14:30:13', '');
INSERT INTO `record` VALUES (102, 11, 1, -200, '2024-02-18 14:30:13', '');
INSERT INTO `record` VALUES (103, 12, 1, -44, '2024-02-18 14:30:13', '');
INSERT INTO `record` VALUES (104, 4, 1, -200, '2024-03-01 14:30:13', '');
INSERT INTO `record` VALUES (105, 5, 1, -150, '2024-03-01 14:30:13', '');
INSERT INTO `record` VALUES (106, 6, 1, -50, '2024-03-01 14:30:13', '');
INSERT INTO `record` VALUES (107, 7, 1, -50, '2024-03-01 14:30:13', '');
INSERT INTO `record` VALUES (108, 8, 1, -100, '2024-03-01 14:30:13', '');
INSERT INTO `record` VALUES (109, 9, 1, -350, '2024-03-01 14:30:13', '');
INSERT INTO `record` VALUES (110, 10, 1, -31, '2024-03-01 14:30:13', '');
INSERT INTO `record` VALUES (111, 11, 1, -140, '2024-03-01 14:30:13', '');
INSERT INTO `record` VALUES (112, 12, 1, -35, '2024-03-01 14:30:13', '');
INSERT INTO `record` VALUES (113, 4, 1, -245, '2024-02-20 14:30:13', '');
INSERT INTO `record` VALUES (114, 5, 1, -166, '2024-02-20 14:30:13', '');
INSERT INTO `record` VALUES (115, 6, 1, -332, '2024-02-20 14:30:13', '');
INSERT INTO `record` VALUES (116, 7, 1, -200, '2024-02-20 14:30:13', '');
INSERT INTO `record` VALUES (117, 8, 1, -122, '2024-02-20 14:30:13', '');
INSERT INTO `record` VALUES (118, 9, 1, -340, '2024-02-20 14:30:13', '');
INSERT INTO `record` VALUES (119, 10, 1, -20, '2024-02-20 14:30:13', '');
INSERT INTO `record` VALUES (120, 11, 1, -30, '2024-02-20 14:30:13', '');
INSERT INTO `record` VALUES (121, 12, 1, -22, '2024-02-20 14:30:13', '');
INSERT INTO `record` VALUES (122, 4, 1, -200, '2024-02-21 14:30:13', '');
INSERT INTO `record` VALUES (123, 5, 1, -233, '2024-02-21 14:30:13', '');
INSERT INTO `record` VALUES (124, 6, 1, -133, '2024-02-21 14:30:13', '');
INSERT INTO `record` VALUES (125, 7, 1, -123, '2024-02-21 14:30:13', '');
INSERT INTO `record` VALUES (126, 8, 1, -89, '2024-02-21 14:30:13', '');
INSERT INTO `record` VALUES (127, 9, 1, -390, '2024-02-21 14:30:13', '');
INSERT INTO `record` VALUES (128, 10, 1, -10, '2024-02-21 14:30:13', '');
INSERT INTO `record` VALUES (129, 11, 1, -89, '2024-02-21 14:30:13', '');
INSERT INTO `record` VALUES (130, 12, 1, -33, '2024-02-21 14:30:13', '');
INSERT INTO `record` VALUES (131, 4, 1, -134, '2024-02-22 14:30:13', '');
INSERT INTO `record` VALUES (132, 5, 1, -156, '2024-02-22 14:30:13', '');
INSERT INTO `record` VALUES (133, 6, 1, -223, '2024-02-22 14:30:13', '');
INSERT INTO `record` VALUES (134, 7, 1, -122, '2024-02-22 14:30:13', '');
INSERT INTO `record` VALUES (135, 8, 1, -345, '2024-02-22 14:30:13', '');
INSERT INTO `record` VALUES (136, 9, 1, -399, '2024-02-22 14:30:13', '');
INSERT INTO `record` VALUES (137, 10, 1, -22, '2024-02-22 14:30:13', '');
INSERT INTO `record` VALUES (138, 11, 1, -56, '2024-02-22 14:30:13', '');
INSERT INTO `record` VALUES (139, 12, 1, -22, '2024-02-22 14:30:13', '');
INSERT INTO `record` VALUES (140, 4, 1, -133, '2024-02-23 14:30:13', '');
INSERT INTO `record` VALUES (141, 5, 1, -144, '2024-02-23 14:30:13', '');
INSERT INTO `record` VALUES (142, 6, 1, -233, '2024-02-23 14:30:13', '');
INSERT INTO `record` VALUES (143, 7, 1, -12, '2024-02-23 14:30:13', '');
INSERT INTO `record` VALUES (144, 8, 1, -55, '2024-02-23 14:30:13', '');
INSERT INTO `record` VALUES (145, 9, 1, -201, '2024-02-23 14:30:13', '');
INSERT INTO `record` VALUES (146, 10, 1, -12, '2024-02-23 14:30:13', '');
INSERT INTO `record` VALUES (147, 11, 1, -134, '2024-02-23 14:30:13', '');
INSERT INTO `record` VALUES (148, 12, 1, -45, '2024-02-23 14:30:13', '');
INSERT INTO `record` VALUES (149, 9, 1, 2000, '2024-02-23 14:30:13', '');
INSERT INTO `record` VALUES (150, 6, 1, 1500, '2024-02-23 14:30:13', '');
INSERT INTO `record` VALUES (151, 5, 1, 700, '2024-02-23 14:30:13', '');
INSERT INTO `record` VALUES (152, 4, 1, 400, '2024-02-23 14:30:13', '');
INSERT INTO `record` VALUES (153, 10, 1, 200, '2024-02-23 14:30:13', '');
INSERT INTO `record` VALUES (154, 8, 1, 600, '2024-02-23 14:30:13', '');
INSERT INTO `record` VALUES (155, 4, 1, -100, '2024-02-24 14:30:13', '');
INSERT INTO `record` VALUES (156, 5, 1, -122, '2024-02-24 14:30:13', '');
INSERT INTO `record` VALUES (157, 6, 1, -234, '2024-02-24 14:30:13', '');
INSERT INTO `record` VALUES (158, 7, 1, -200, '2024-02-24 14:30:13', '');
INSERT INTO `record` VALUES (159, 8, 1, -133, '2024-02-24 14:30:13', '');
INSERT INTO `record` VALUES (160, 9, 1, -450, '2024-02-24 14:30:13', '');
INSERT INTO `record` VALUES (161, 10, 1, -34, '2024-02-24 14:30:13', '');
INSERT INTO `record` VALUES (162, 11, 1, -165, '2024-02-24 14:30:13', '');
INSERT INTO `record` VALUES (163, 12, 1, -22, '2024-02-24 14:30:13', '');
INSERT INTO `record` VALUES (164, 4, 1, -145, '2024-02-25 14:30:13', '');
INSERT INTO `record` VALUES (165, 5, 1, -178, '2024-02-25 14:30:13', '');
INSERT INTO `record` VALUES (166, 6, 1, -288, '2024-02-25 14:30:13', '');
INSERT INTO `record` VALUES (167, 7, 1, -122, '2024-02-25 14:30:13', '');
INSERT INTO `record` VALUES (168, 8, 1, -244, '2024-02-25 14:30:13', '');
INSERT INTO `record` VALUES (169, 9, 1, -560, '2024-02-25 14:30:13', '');
INSERT INTO `record` VALUES (170, 10, 1, -45, '2024-02-25 14:30:13', '');
INSERT INTO `record` VALUES (171, 11, 1, -132, '2024-02-25 14:30:13', '');
INSERT INTO `record` VALUES (172, 12, 1, -45, '2024-02-25 14:30:13', '');
INSERT INTO `record` VALUES (173, 7, 1, 1000, '2024-02-25 14:30:13', '');
INSERT INTO `record` VALUES (174, 4, 1, -122, '2024-02-26 14:30:13', '');
INSERT INTO `record` VALUES (175, 5, 1, -166, '2024-02-26 14:30:13', '');
INSERT INTO `record` VALUES (176, 6, 1, -234, '2024-02-26 14:30:13', '');
INSERT INTO `record` VALUES (177, 7, 1, -222, '2024-02-26 14:30:13', '');
INSERT INTO `record` VALUES (178, 8, 1, -234, '2024-02-26 14:30:13', '');
INSERT INTO `record` VALUES (179, 9, 1, -580, '2024-02-26 14:30:13', '');
INSERT INTO `record` VALUES (180, 10, 1, -45, '2024-02-26 14:30:13', '');
INSERT INTO `record` VALUES (181, 11, 1, -66, '2024-02-26 14:30:13', '');
INSERT INTO `record` VALUES (182, 12, 1, -32, '2024-02-26 14:30:13', '');
INSERT INTO `record` VALUES (183, 8, 1, 3000, '2024-02-26 14:30:13', '');
INSERT INTO `record` VALUES (184, 9, 1, 50000, '2024-02-26 14:30:13', '');
INSERT INTO `record` VALUES (185, 4, 1, 3000, '2024-02-26 14:30:13', '');
INSERT INTO `record` VALUES (186, 5, 1, 2000, '2024-02-26 14:30:13', '');
INSERT INTO `record` VALUES (187, 6, 1, 3000, '2024-02-26 14:30:13', '');
INSERT INTO `record` VALUES (188, 11, 1, 1000, '2024-02-26 14:30:13', '');
INSERT INTO `record` VALUES (189, 12, 1, 1000, '2024-02-26 14:30:13', '');
INSERT INTO `record` VALUES (190, 7, 1, 500, '2024-02-26 14:30:13', '');
INSERT INTO `record` VALUES (191, 4, 1, -233, '2024-02-27 14:30:13', '');
INSERT INTO `record` VALUES (192, 5, 1, -233, '2024-02-27 14:30:13', '');
INSERT INTO `record` VALUES (193, 6, 1, -455, '2024-02-27 14:30:13', '');
INSERT INTO `record` VALUES (194, 7, 1, -122, '2024-02-27 14:30:13', '');
INSERT INTO `record` VALUES (195, 8, 1, -231, '2024-02-27 14:30:13', '');
INSERT INTO `record` VALUES (196, 9, 1, -600, '2024-02-27 14:30:13', '');
INSERT INTO `record` VALUES (197, 10, 1, -21, '2024-02-27 14:30:13', '');
INSERT INTO `record` VALUES (198, 11, 1, -237, '2024-02-27 14:30:13', '');
INSERT INTO `record` VALUES (199, 12, 1, -99, '2024-02-27 14:30:13', '');
INSERT INTO `record` VALUES (200, 4, 1, -134, '2024-02-28 14:30:13', '');
INSERT INTO `record` VALUES (201, 5, 1, -253, '2024-02-28 14:30:13', '');
INSERT INTO `record` VALUES (202, 6, 1, -122, '2024-02-28 14:30:13', '');
INSERT INTO `record` VALUES (203, 7, 1, -234, '2024-02-28 14:30:13', '');
INSERT INTO `record` VALUES (204, 8, 1, -222, '2024-02-28 14:30:13', '');
INSERT INTO `record` VALUES (205, 9, 1, -620, '2024-02-28 14:30:13', '');
INSERT INTO `record` VALUES (206, 10, 1, -44, '2024-02-28 14:30:13', '');
INSERT INTO `record` VALUES (207, 11, 1, -233, '2024-02-28 14:30:13', '');
INSERT INTO `record` VALUES (208, 12, 1, -33, '2024-02-28 14:30:13', '');
INSERT INTO `record` VALUES (209, 5, 1, 200, '2024-02-29 14:30:13', '');
INSERT INTO `record` VALUES (210, 11, 1, -700, '2024-02-29 14:30:13', '');
INSERT INTO `record` VALUES (211, 11, 1, 1000, '2024-02-29 14:30:13', '');
INSERT INTO `record` VALUES (212, 7, 1, -300, '2024-02-29 14:30:13', '');
INSERT INTO `record` VALUES (213, 12, 1, -100, '2024-02-29 14:30:13', '');
INSERT INTO `record` VALUES (214, 7, 1, -200, '2024-02-29 14:30:13', '');
INSERT INTO `record` VALUES (215, 7, 1, -450, '2024-02-29 14:30:13', '');
INSERT INTO `record` VALUES (216, 11, 1, -200, '2024-02-29 14:30:13', '');
INSERT INTO `record` VALUES (217, 8, 1, -244, '2024-02-29 14:30:13', '');
INSERT INTO `record` VALUES (218, 4, 1, -344, '2024-02-29 14:30:13', '');
INSERT INTO `record` VALUES (219, 6, 1, -166, '2024-02-29 14:30:13', '');
INSERT INTO `record` VALUES (220, 9, 1, -600, '2024-02-29 14:30:13', '');
INSERT INTO `record` VALUES (221, 11, 1, -200, '2024-02-29 14:30:13', '');
INSERT INTO `record` VALUES (222, 7, 2, 400, '2024-03-01 14:30:13', '');
INSERT INTO `record` VALUES (223, 10, 2, -20, '2024-03-01 14:30:13', '');
INSERT INTO `record` VALUES (224, 11, 2, -300, '2024-03-01 14:30:13', '');
INSERT INTO `record` VALUES (225, 7, 2, -100, '2024-03-01 14:30:13', '');
INSERT INTO `record` VALUES (226, 5, 2, -350, '2024-03-01 14:30:13', '');
INSERT INTO `record` VALUES (227, 8, 2, -350, '2024-03-01 14:30:13', '');
INSERT INTO `record` VALUES (228, 4, 2, -250, '2024-03-01 14:30:13', '');
INSERT INTO `record` VALUES (229, 6, 2, -330, '2024-03-01 14:30:13', '');
INSERT INTO `record` VALUES (230, 9, 2, -500, '2024-03-01 14:30:13', '');
INSERT INTO `record` VALUES (231, 10, 2, 100, '2024-03-01 14:30:13', '');
INSERT INTO `record` VALUES (232, 10, 7, -30, '2024-03-01 14:30:13', '');
INSERT INTO `record` VALUES (233, 9, 7, -500, '2024-03-01 14:30:13', '');
INSERT INTO `record` VALUES (234, 6, 7, -360, '2024-03-01 14:30:13', '');
INSERT INTO `record` VALUES (235, 4, 7, -330, '2024-03-01 14:30:13', '');
INSERT INTO `record` VALUES (236, 5, 7, -270, '2024-03-01 14:30:13', '');
INSERT INTO `record` VALUES (237, 12, 7, -130, '2024-03-01 14:30:13', '');
INSERT INTO `record` VALUES (238, 11, 7, 1000, '2024-03-01 14:30:13', '');
INSERT INTO `record` VALUES (239, 9, 1, -500, '2024-03-02 14:30:13', '');
INSERT INTO `record` VALUES (240, 6, 1, -330, '2024-03-02 14:30:13', '');
INSERT INTO `record` VALUES (241, 7, 1, -244, '2024-03-02 14:30:13', '');
INSERT INTO `record` VALUES (242, 12, 1, -155, '2024-03-02 14:30:13', '');
INSERT INTO `record` VALUES (243, 11, 1, -245, '2024-03-02 14:30:13', '');
INSERT INTO `record` VALUES (244, 5, 1, -330, '2024-03-02 14:30:13', '');
INSERT INTO `record` VALUES (245, 4, 1, -340, '2024-03-02 14:30:13', '');
INSERT INTO `record` VALUES (246, 8, 1, -335, '2024-03-02 14:30:13', '');
INSERT INTO `record` VALUES (247, 7, 1, 5000, '2024-03-03 14:30:13', '');
INSERT INTO `record` VALUES (248, 11, 1, 2000, '2024-03-03 14:30:13', '');
INSERT INTO `record` VALUES (249, 10, 1, -33, '2024-03-03 14:30:13', '');
INSERT INTO `record` VALUES (250, 12, 1, -50, '2024-03-03 14:30:13', '');
INSERT INTO `record` VALUES (251, 5, 1, -330, '2024-03-03 14:30:13', '');
INSERT INTO `record` VALUES (252, 4, 1, -340, '2024-03-03 14:30:13', '');
INSERT INTO `record` VALUES (253, 8, 1, -330, '2024-03-03 14:30:13', '');
INSERT INTO `record` VALUES (254, 6, 1, -360, '2024-03-03 14:30:13', '');
INSERT INTO `record` VALUES (255, 11, 1, -349, '2024-03-03 14:30:13', '');
INSERT INTO `record` VALUES (256, 7, 1, -455, '2024-03-03 14:30:13', '');
INSERT INTO `record` VALUES (257, 9, 1, -500, '2024-03-03 14:30:13', '');
INSERT INTO `record` VALUES (258, 10, 1, -24, '2024-03-04 14:30:13', '');
INSERT INTO `record` VALUES (259, 12, 1, -34, '2024-03-04 14:30:13', '');
INSERT INTO `record` VALUES (260, 5, 1, -244, '2024-03-04 14:30:13', '');
INSERT INTO `record` VALUES (261, 4, 1, -299, '2024-03-04 14:30:13', '');
INSERT INTO `record` VALUES (262, 8, 1, -344, '2024-03-04 14:30:13', '');
INSERT INTO `record` VALUES (263, 6, 1, -289, '2024-03-04 14:30:13', '');
INSERT INTO `record` VALUES (264, 11, 1, -355, '2024-03-04 14:30:13', '');
INSERT INTO `record` VALUES (265, 7, 1, -345, '2024-03-04 14:30:13', '');
INSERT INTO `record` VALUES (266, 9, 1, -456, '2024-03-04 14:30:13', '');
INSERT INTO `record` VALUES (267, 12, 1, -344, '2024-03-04 14:30:13', '');
INSERT INTO `record` VALUES (268, 5, 1, -278, '2024-03-04 14:30:13', '');
INSERT INTO `record` VALUES (269, 4, 1, -367, '2024-03-04 14:30:13', '');
INSERT INTO `record` VALUES (270, 8, 1, -455, '2024-03-04 14:30:13', '');
INSERT INTO `record` VALUES (271, 6, 1, -432, '2024-03-04 14:30:13', '');
INSERT INTO `record` VALUES (272, 11, 1, -324, '2024-03-04 14:30:13', '');
INSERT INTO `record` VALUES (273, 7, 1, -344, '2024-03-04 14:30:13', '');
INSERT INTO `record` VALUES (274, 9, 1, -544, '2024-03-04 14:30:13', '');
INSERT INTO `record` VALUES (275, 9, 7, -477, '2024-03-06 15:29:22', '');
INSERT INTO `record` VALUES (276, 7, 7, -355, '2024-03-06 15:29:32', '');
INSERT INTO `record` VALUES (277, 11, 7, -289, '2024-03-06 15:29:40', '');
INSERT INTO `record` VALUES (278, 6, 7, -300, '2024-03-06 15:29:48', '');
INSERT INTO `record` VALUES (279, 8, 7, -250, '2024-03-06 15:29:55', '');
INSERT INTO `record` VALUES (280, 4, 7, -300, '2024-03-06 15:30:03', '');
INSERT INTO `record` VALUES (281, 5, 7, -200, '2024-03-06 15:30:10', '');
INSERT INTO `record` VALUES (282, 12, 7, -45, '2024-03-06 15:30:19', '');
INSERT INTO `record` VALUES (283, 10, 7, -23, '2024-03-06 15:30:27', '');
INSERT INTO `record` VALUES (284, 6, 2, 2000, '2024-03-06 15:31:41', '');
INSERT INTO `record` VALUES (285, 8, 2, 2000, '2024-03-06 15:31:49', '');
INSERT INTO `record` VALUES (286, 10, 2, -20, '2024-03-10 12:30:40', '');
INSERT INTO `record` VALUES (287, 12, 2, -46, '2024-03-10 12:30:49', '');
INSERT INTO `record` VALUES (288, 5, 2, 1000, '2024-03-10 12:30:56', '');
INSERT INTO `record` VALUES (289, 5, 2, -250, '2024-03-10 12:31:04', '');
INSERT INTO `record` VALUES (290, 4, 2, -250, '2024-03-10 12:31:10', '');
INSERT INTO `record` VALUES (291, 11, 2, -344, '2024-03-10 12:31:16', '');
INSERT INTO `record` VALUES (292, 8, 2, -355, '2024-03-10 12:31:21', '');
INSERT INTO `record` VALUES (293, 6, 2, -366, '2024-03-10 12:31:26', '');
INSERT INTO `record` VALUES (294, 7, 2, -377, '2024-03-10 12:31:30', '');
INSERT INTO `record` VALUES (295, 9, 2, -512, '2024-03-10 12:31:35', '');
INSERT INTO `record` VALUES (296, 9, 2, -560, '2024-03-13 14:30:13', '');
INSERT INTO `record` VALUES (297, 7, 2, -340, '2024-03-13 14:30:13', '');
INSERT INTO `record` VALUES (298, 6, 2, -340, '2024-03-13 14:30:13', '');
INSERT INTO `record` VALUES (299, 8, 2, -360, '2024-03-13 14:30:13', '');
INSERT INTO `record` VALUES (300, 11, 2, -299, '2024-03-13 14:30:13', '');
INSERT INTO `record` VALUES (301, 5, 2, -367, '2024-03-13 14:30:13', '');
INSERT INTO `record` VALUES (302, 11, 2, -355, '2024-03-13 14:30:13', '');
INSERT INTO `record` VALUES (303, 12, 2, -40, '2024-03-13 14:30:13', '');
INSERT INTO `record` VALUES (304, 10, 2, -20, '2024-03-13 14:30:13', '');
INSERT INTO `record` VALUES (305, 4, 2, 1000, '2024-03-13 14:30:13', '');
INSERT INTO `record` VALUES (306, 4, 2, -340, '2024-03-13 14:30:13', '');
INSERT INTO `record` VALUES (307, 9, 2, -560, '2024-03-14 12:41:18', '');
INSERT INTO `record` VALUES (308, 7, 2, -333, '2024-03-14 12:41:22', '');
INSERT INTO `record` VALUES (309, 6, 2, -344, '2024-03-14 12:41:31', '');
INSERT INTO `record` VALUES (310, 8, 2, -433, '2024-03-14 12:41:37', '');
INSERT INTO `record` VALUES (311, 4, 2, -291, '2024-03-14 12:41:44', '');
INSERT INTO `record` VALUES (312, 5, 2, -278, '2024-03-14 12:41:50', '');
INSERT INTO `record` VALUES (313, 11, 2, -366, '2024-03-14 12:41:55', '');
INSERT INTO `record` VALUES (314, 12, 2, -50, '2024-03-14 12:42:20', '');
INSERT INTO `record` VALUES (315, 10, 2, -41, '2024-03-14 12:42:27', '');
INSERT INTO `record` VALUES (316, 4, 2, 2000, '2024-03-14 12:42:36', '');
INSERT INTO `record` VALUES (317, 10, 2, 500, '2024-03-14 12:42:43', '');
INSERT INTO `record` VALUES (318, 11, 2, 3000, '2024-03-14 12:46:23', '');
INSERT INTO `record` VALUES (319, 9, 7, -503, '2024-03-23 15:49:03', '');
INSERT INTO `record` VALUES (320, 11, 7, -244, '2024-03-23 15:49:07', '');
INSERT INTO `record` VALUES (321, 7, 7, -322, '2024-03-23 15:49:11', '');
INSERT INTO `record` VALUES (322, 4, 7, -256, '2024-03-23 15:49:21', '');
INSERT INTO `record` VALUES (323, 6, 7, -298, '2024-03-23 15:49:27', '');
INSERT INTO `record` VALUES (324, 8, 7, -222, '2024-03-23 15:49:34', '');
INSERT INTO `record` VALUES (325, 10, 7, -20, '2024-03-23 15:49:39', '');
INSERT INTO `record` VALUES (326, 5, 7, -300, '2024-03-23 15:49:46', '');
INSERT INTO `record` VALUES (327, 12, 7, -40, '2024-03-23 15:49:52', '');
INSERT INTO `record` VALUES (328, 5, 1, 2000, '2024-03-25 14:00:57', '');
INSERT INTO `record` VALUES (329, 8, 1, 1500, '2024-03-25 14:01:03', '');
INSERT INTO `record` VALUES (330, 12, 1, 500, '2024-03-25 14:01:08', '');
INSERT INTO `record` VALUES (331, 4, 1, -340, '2024-03-25 14:01:18', '');
INSERT INTO `record` VALUES (332, 5, 1, -330, '2024-03-25 14:01:25', '');
INSERT INTO `record` VALUES (333, 6, 1, -288, '2024-03-25 14:01:29', '');
INSERT INTO `record` VALUES (334, 7, 1, -350, '2024-03-25 14:01:36', '');
INSERT INTO `record` VALUES (335, 8, 1, -360, '2024-03-25 14:01:40', '');
INSERT INTO `record` VALUES (336, 9, 1, -410, '2024-03-25 14:01:44', '');
INSERT INTO `record` VALUES (337, 10, 1, -20, '2024-03-25 14:01:48', '');
INSERT INTO `record` VALUES (338, 11, 1, -200, '2024-03-25 14:01:52', '');
INSERT INTO `record` VALUES (339, 12, 1, -40, '2024-03-25 14:01:56', '');
INSERT INTO `record` VALUES (340, 4, 1, -300, '2024-03-26 11:44:09', '');
INSERT INTO `record` VALUES (341, 5, 1, -310, '2024-03-26 11:44:14', '');
INSERT INTO `record` VALUES (342, 6, 1, -340, '2024-03-26 11:44:19', '');
INSERT INTO `record` VALUES (343, 7, 1, -200, '2024-03-26 11:44:25', '');
INSERT INTO `record` VALUES (344, 8, 1, -250, '2024-03-26 11:44:28', '');
INSERT INTO `record` VALUES (345, 9, 1, -450, '2024-03-26 11:44:33', '');
INSERT INTO `record` VALUES (346, 10, 1, -21, '2024-03-26 11:44:38', '');
INSERT INTO `record` VALUES (347, 11, 1, -250, '2024-03-26 11:44:42', '');
INSERT INTO `record` VALUES (348, 12, 1, -40, '2024-03-26 11:44:46', '');
INSERT INTO `record` VALUES (349, 4, 1, -245, '2024-03-27 14:41:41', '');
INSERT INTO `record` VALUES (350, 5, 1, -256, '2024-03-27 14:41:46', '');
INSERT INTO `record` VALUES (351, 6, 1, -277, '2024-03-27 14:41:51', '');
INSERT INTO `record` VALUES (352, 7, 1, -145, '2024-03-27 14:42:09', '');
INSERT INTO `record` VALUES (353, 8, 1, -301, '2024-03-27 14:42:22', '');
INSERT INTO `record` VALUES (354, 9, 1, -510, '2024-03-27 14:42:26', '');
INSERT INTO `record` VALUES (355, 10, 1, -31, '2024-03-27 14:42:31', '');
INSERT INTO `record` VALUES (356, 11, 1, -355, '2024-03-27 14:42:34', '');
INSERT INTO `record` VALUES (357, 12, 1, -40, '2024-03-27 14:42:39', '');
INSERT INTO `record` VALUES (358, 6, 1, 3000, '2024-03-27 23:15:54', '');
INSERT INTO `record` VALUES (359, 5, 1, 3000, '2024-03-27 23:16:07', '');
INSERT INTO `record` VALUES (360, 4, 1, -300, '2024-03-28 15:29:38', '');
INSERT INTO `record` VALUES (361, 5, 1, -310, '2024-03-28 15:29:44', '');
INSERT INTO `record` VALUES (362, 6, 1, -320, '2024-03-28 15:29:49', '');
INSERT INTO `record` VALUES (363, 7, 1, -266, '2024-03-28 15:29:53', '');
INSERT INTO `record` VALUES (364, 8, 1, -240, '2024-03-28 15:30:00', '');
INSERT INTO `record` VALUES (365, 9, 1, -550, '2024-03-28 15:30:06', '');
INSERT INTO `record` VALUES (366, 10, 1, -21, '2024-03-28 15:30:12', '');
INSERT INTO `record` VALUES (367, 11, 1, -145, '2024-03-28 15:30:16', '');
INSERT INTO `record` VALUES (368, 12, 1, -45, '2024-03-28 15:30:20', '');
INSERT INTO `record` VALUES (369, 4, 1, -268, '2024-03-29 15:10:54', '');
INSERT INTO `record` VALUES (370, 5, 1, -278, '2024-03-29 15:11:14', '');
INSERT INTO `record` VALUES (371, 6, 1, -214, '2024-03-29 15:11:21', '');
INSERT INTO `record` VALUES (372, 7, 1, -234, '2024-03-29 15:11:27', '');
INSERT INTO `record` VALUES (373, 8, 1, -189, '2024-03-29 15:11:31', '');
INSERT INTO `record` VALUES (374, 9, 1, -520, '2024-03-29 15:11:40', '');
INSERT INTO `record` VALUES (375, 10, 1, -31, '2024-03-29 15:11:52', '');
INSERT INTO `record` VALUES (376, 11, 1, -278, '2024-03-29 15:11:59', '');
INSERT INTO `record` VALUES (377, 12, 1, -20, '2024-03-29 15:12:04', '');
INSERT INTO `record` VALUES (378, 4, 1, -255, '2024-03-31 14:43:33', '');
INSERT INTO `record` VALUES (379, 5, 1, -300, '2024-03-31 14:43:38', '');
INSERT INTO `record` VALUES (380, 6, 1, -233, '2024-03-31 14:43:43', '');
INSERT INTO `record` VALUES (381, 7, 1, -122, '2024-03-31 14:43:49', '');
INSERT INTO `record` VALUES (382, 8, 1, -213, '2024-03-31 14:43:55', '');
INSERT INTO `record` VALUES (383, 9, 1, -620, '2024-03-31 14:43:59', '');
INSERT INTO `record` VALUES (384, 10, 1, -21, '2024-03-31 14:44:04', '');
INSERT INTO `record` VALUES (385, 11, 1, -155, '2024-03-31 14:44:08', '');
INSERT INTO `record` VALUES (386, 12, 1, -20, '2024-03-31 14:44:12', '');
INSERT INTO `record` VALUES (387, 4, 1, 2000, '2024-04-01 12:55:00', '');
INSERT INTO `record` VALUES (388, 4, 1, -213, '2024-04-01 13:01:14', '');
INSERT INTO `record` VALUES (389, 5, 1, -256, '2024-04-01 13:01:18', '');
INSERT INTO `record` VALUES (390, 6, 1, -244, '2024-04-01 13:01:26', '');
INSERT INTO `record` VALUES (391, 7, 1, -124, '2024-04-01 13:01:31', '');
INSERT INTO `record` VALUES (392, 8, 1, -122, '2024-04-01 13:01:34', '');
INSERT INTO `record` VALUES (393, 9, 1, -550, '2024-04-01 13:01:38', '');
INSERT INTO `record` VALUES (394, 10, 1, -23, '2024-04-01 13:01:42', '');
INSERT INTO `record` VALUES (395, 11, 1, -112, '2024-04-01 13:01:46', '');
INSERT INTO `record` VALUES (396, 12, 1, -21, '2024-04-01 13:01:51', '');
INSERT INTO `record` VALUES (397, 9, 7, -10, '2024-04-01 15:15:07', '');
INSERT INTO `record` VALUES (398, 4, 1, -256, '2024-04-02 14:30:13', '');
INSERT INTO `record` VALUES (399, 5, 1, -122, '2024-04-02 14:30:13', '');
INSERT INTO `record` VALUES (400, 6, 1, -342, '2024-04-02 14:30:13', '');
INSERT INTO `record` VALUES (401, 7, 1, -322, '2024-04-02 14:30:13', '');
INSERT INTO `record` VALUES (402, 8, 1, -213, '2024-04-02 14:30:13', '');
INSERT INTO `record` VALUES (403, 9, 1, -555, '2024-04-02 14:30:13', '');
INSERT INTO `record` VALUES (404, 11, 1, -34, '2024-04-02 14:30:13', '');
INSERT INTO `record` VALUES (405, 11, 1, -123, '2024-04-02 14:30:13', '');
INSERT INTO `record` VALUES (406, 12, 1, -34, '2024-04-02 14:30:13', '');
INSERT INTO `record` VALUES (407, 13, 1, 1000, '2024-04-02 14:30:13', '');
INSERT INTO `record` VALUES (408, 14, 1, 1000, '2024-04-02 14:30:13', '');
INSERT INTO `record` VALUES (409, 15, 1, 1000, '2024-04-02 14:30:13', '');
INSERT INTO `record` VALUES (410, 16, 1, 1000, '2024-04-02 14:30:13', '');
INSERT INTO `record` VALUES (411, 17, 1, 1000, '2024-04-02 14:30:13', '');
INSERT INTO `record` VALUES (412, 10, 1, -34, '2024-04-02 14:30:13', '');
INSERT INTO `record` VALUES (413, 13, 1, -21, '2024-04-02 14:30:13', '');
INSERT INTO `record` VALUES (414, 14, 1, -23, '2024-04-02 14:30:13', '');
INSERT INTO `record` VALUES (415, 15, 1, -24, '2024-04-02 14:30:13', '');
INSERT INTO `record` VALUES (416, 16, 1, -25, '2024-04-02 14:30:13', '');
INSERT INTO `record` VALUES (417, 17, 1, -26, '2024-04-02 14:30:13', '');
INSERT INTO `record` VALUES (418, 4, 1, -234, '2024-04-03 14:30:13', '');
INSERT INTO `record` VALUES (419, 5, 1, -235, '2024-04-03 14:30:13', '');
INSERT INTO `record` VALUES (420, 6, 1, -256, '2024-04-03 14:30:13', '');
INSERT INTO `record` VALUES (421, 7, 1, -243, '2024-04-03 14:30:13', '');
INSERT INTO `record` VALUES (422, 8, 1, -321, '2024-04-03 14:30:13', '');
INSERT INTO `record` VALUES (423, 9, 1, -564, '2024-04-03 14:30:13', '');
INSERT INTO `record` VALUES (424, 11, 1, -241, '2024-04-03 14:30:13', '');
INSERT INTO `record` VALUES (425, 12, 1, -34, '2024-04-03 14:30:13', '');
INSERT INTO `record` VALUES (426, 10, 1, -34, '2024-04-03 14:30:13', '');
INSERT INTO `record` VALUES (427, 13, 1, -36, '2024-04-03 14:30:13', '');
INSERT INTO `record` VALUES (428, 14, 1, -41, '2024-04-03 14:30:13', '');
INSERT INTO `record` VALUES (429, 15, 1, -32, '2024-04-03 14:30:13', '');
INSERT INTO `record` VALUES (430, 16, 1, -44, '2024-04-03 14:30:13', '');
INSERT INTO `record` VALUES (431, 17, 1, -55, '2024-04-03 14:30:13', '');
INSERT INTO `record` VALUES (432, 4, 1, -256, '2024-04-04 14:30:13', '');
INSERT INTO `record` VALUES (433, 5, 1, -267, '2024-04-04 14:30:13', '');
INSERT INTO `record` VALUES (434, 6, 1, -278, '2024-04-04 14:30:13', '');
INSERT INTO `record` VALUES (435, 7, 1, 1000, '2024-04-04 14:30:13', '');
INSERT INTO `record` VALUES (436, 7, 1, -267, '2024-04-04 14:30:13', '');
INSERT INTO `record` VALUES (437, 8, 1, -254, '2024-04-04 14:30:13', '');
INSERT INTO `record` VALUES (438, 9, 1, -561, '2024-04-04 14:30:13', '');
INSERT INTO `record` VALUES (439, 11, 1, -213, '2024-04-04 14:30:13', '');
INSERT INTO `record` VALUES (440, 12, 1, -45, '2024-04-04 14:30:13', '');
INSERT INTO `record` VALUES (441, 10, 1, -31, '2024-04-04 14:30:13', '');
INSERT INTO `record` VALUES (442, 13, 1, -34, '2024-04-04 14:30:13', '');
INSERT INTO `record` VALUES (443, 14, 1, -41, '2024-04-04 14:30:13', '');
INSERT INTO `record` VALUES (444, 15, 1, -32, '2024-04-04 14:30:13', '');
INSERT INTO `record` VALUES (445, 16, 1, -45, '2024-04-04 14:30:13', '');
INSERT INTO `record` VALUES (446, 17, 1, -34, '2024-04-04 14:30:13', '');
INSERT INTO `record` VALUES (447, 4, 1, 5000, '2024-04-04 14:30:13', '');
INSERT INTO `record` VALUES (448, 8, 1, 5000, '2024-04-04 14:30:13', '');
INSERT INTO `record` VALUES (449, 10, 1, 500, '2024-04-04 14:30:13', '');
INSERT INTO `record` VALUES (450, 12, 1, 300, '2024-04-04 14:30:13', '');
INSERT INTO `record` VALUES (451, 10, 1, 2000, '2024-04-05 14:30:13', '');
INSERT INTO `record` VALUES (452, 13, 1, 2000, '2024-04-05 14:30:13', '');
INSERT INTO `record` VALUES (453, 14, 1, 2000, '2024-04-05 14:30:13', '');
INSERT INTO `record` VALUES (454, 15, 1, 2000, '2024-04-05 14:30:13', '');
INSERT INTO `record` VALUES (455, 16, 1, 2000, '2024-04-05 14:30:13', '');
INSERT INTO `record` VALUES (456, 17, 1, 2000, '2024-04-05 14:30:13', '');
INSERT INTO `record` VALUES (457, 4, 1, -275, '2024-04-05 14:30:13', '');
INSERT INTO `record` VALUES (458, 5, 1, -310, '2024-04-05 14:30:13', '');
INSERT INTO `record` VALUES (459, 6, 1, -213, '2024-04-05 14:30:13', '');
INSERT INTO `record` VALUES (460, 7, 1, -157, '2024-04-05 14:30:13', '');
INSERT INTO `record` VALUES (461, 8, 1, -200, '2024-04-05 14:30:13', '');
INSERT INTO `record` VALUES (462, 9, 1, -540, '2024-04-05 14:30:13', '');
INSERT INTO `record` VALUES (463, 11, 1, -350, '2024-04-05 14:30:13', '');
INSERT INTO `record` VALUES (464, 12, 1, -45, '2024-04-05 14:30:13', '');
INSERT INTO `record` VALUES (465, 10, 1, -36, '2024-04-05 14:30:13', '');
INSERT INTO `record` VALUES (466, 13, 1, -36, '2024-04-05 14:30:13', '');
INSERT INTO `record` VALUES (467, 14, 1, -43, '2024-04-05 14:30:13', '');
INSERT INTO `record` VALUES (468, 15, 1, -34, '2024-04-05 14:30:13', '');
INSERT INTO `record` VALUES (469, 16, 1, -46, '2024-04-05 14:30:13', '');
INSERT INTO `record` VALUES (470, 17, 1, -33, '2024-04-05 14:30:13', '');
INSERT INTO `record` VALUES (471, 4, 1, -280, '2024-04-06 14:30:13', '');
INSERT INTO `record` VALUES (472, 5, 1, -311, '2024-04-06 14:30:13', '');
INSERT INTO `record` VALUES (473, 6, 1, -220, '2024-04-06 14:30:13', '');
INSERT INTO `record` VALUES (474, 7, 1, -155, '2024-04-06 14:30:13', '');
INSERT INTO `record` VALUES (475, 8, 1, -178, '2024-04-06 14:30:13', '');
INSERT INTO `record` VALUES (476, 9, 1, -550, '2024-04-06 14:30:13', '');
INSERT INTO `record` VALUES (477, 11, 1, -350, '2024-04-06 14:30:13', '');
INSERT INTO `record` VALUES (478, 12, 1, -44, '2024-04-06 14:30:13', '');
INSERT INTO `record` VALUES (479, 11, 1, 3000, '2024-04-06 14:30:13', '');
INSERT INTO `record` VALUES (480, 7, 1, 3000, '2024-04-06 14:30:13', '');
INSERT INTO `record` VALUES (481, 10, 1, -37, '2024-04-06 14:30:13', '');
INSERT INTO `record` VALUES (482, 13, 1, -35, '2024-04-06 14:30:13', '');
INSERT INTO `record` VALUES (483, 14, 1, -43, '2024-04-06 14:30:13', '');
INSERT INTO `record` VALUES (484, 15, 1, -36, '2024-04-06 14:30:13', '');
INSERT INTO `record` VALUES (485, 16, 1, -47, '2024-04-06 14:30:13', '');
INSERT INTO `record` VALUES (486, 17, 1, -34, '2024-04-06 14:30:13', '');
INSERT INTO `record` VALUES (487, 4, 1, -278, '2024-04-07 14:30:13', '');
INSERT INTO `record` VALUES (488, 5, 1, -311, '2024-04-07 14:30:13', '');
INSERT INTO `record` VALUES (489, 6, 1, -212, '2024-04-07 14:30:13', '');
INSERT INTO `record` VALUES (490, 7, 1, -167, '2024-04-07 14:30:13', '');
INSERT INTO `record` VALUES (491, 8, 1, -199, '2024-04-07 14:30:13', '');
INSERT INTO `record` VALUES (492, 9, 1, -544, '2024-04-07 14:30:13', '');
INSERT INTO `record` VALUES (493, 11, 1, -376, '2024-04-07 14:30:13', '');
INSERT INTO `record` VALUES (494, 12, 1, -46, '2024-04-07 14:30:13', '');
INSERT INTO `record` VALUES (495, 10, 1, -35, '2024-04-07 14:30:13', '');
INSERT INTO `record` VALUES (496, 13, 1, -34, '2024-04-07 14:30:13', '');
INSERT INTO `record` VALUES (497, 14, 1, -43, '2024-04-07 14:30:13', '');
INSERT INTO `record` VALUES (498, 15, 1, -35, '2024-04-07 14:30:13', '');
INSERT INTO `record` VALUES (499, 16, 1, -44, '2024-04-07 14:30:13', '');
INSERT INTO `record` VALUES (500, 17, 1, -34, '2024-04-07 14:30:13', '');
INSERT INTO `record` VALUES (501, 4, 1, -286, '2024-04-08 14:30:13', '');
INSERT INTO `record` VALUES (502, 5, 1, -318, '2024-04-08 14:30:13', '');
INSERT INTO `record` VALUES (503, 6, 1, -223, '2024-04-08 14:30:13', '');
INSERT INTO `record` VALUES (504, 7, 1, -167, '2024-04-08 14:30:13', '');
INSERT INTO `record` VALUES (505, 8, 1, -189, '2024-04-08 14:30:13', '');
INSERT INTO `record` VALUES (506, 9, 1, -550, '2024-04-08 14:30:13', '');
INSERT INTO `record` VALUES (507, 11, 1, -360, '2024-04-08 14:30:13', '');
INSERT INTO `record` VALUES (508, 12, 1, -43, '2024-04-08 14:30:13', '');
INSERT INTO `record` VALUES (509, 10, 1, -37, '2024-04-08 14:30:13', '');
INSERT INTO `record` VALUES (510, 13, 1, -37, '2024-04-08 14:30:13', '');
INSERT INTO `record` VALUES (511, 14, 1, -45, '2024-04-08 14:30:13', '');
INSERT INTO `record` VALUES (512, 15, 1, -35, '2024-04-08 14:30:13', '');
INSERT INTO `record` VALUES (513, 16, 1, -44, '2024-04-08 14:30:13', '');
INSERT INTO `record` VALUES (514, 17, 1, -36, '2024-04-08 14:30:13', '');
INSERT INTO `record` VALUES (515, 4, 1, -289, '2024-04-09 14:30:13', '');
INSERT INTO `record` VALUES (516, 5, 1, -319, '2024-04-09 14:30:13', '');
INSERT INTO `record` VALUES (517, 6, 1, -223, '2024-04-09 14:30:13', '');
INSERT INTO `record` VALUES (518, 7, 1, -167, '2024-04-09 14:30:13', '');
INSERT INTO `record` VALUES (519, 8, 1, -210, '2024-04-09 14:30:13', '');
INSERT INTO `record` VALUES (520, 9, 1, -560, '2024-04-09 14:30:13', '');
INSERT INTO `record` VALUES (521, 11, 1, -345, '2024-04-09 14:30:13', '');
INSERT INTO `record` VALUES (522, 12, 1, -50, '2024-04-09 14:30:13', '');
INSERT INTO `record` VALUES (523, 10, 1, -41, '2024-04-09 14:30:13', '');
INSERT INTO `record` VALUES (524, 13, 1, -36, '2024-04-09 14:30:13', '');
INSERT INTO `record` VALUES (525, 14, 1, -41, '2024-04-09 14:30:13', '');
INSERT INTO `record` VALUES (526, 15, 1, -51, '2024-04-09 14:30:13', '');
INSERT INTO `record` VALUES (527, 16, 1, -47, '2024-04-09 14:30:13', '');
INSERT INTO `record` VALUES (528, 17, 1, -33, '2024-04-09 14:30:13', '');
INSERT INTO `record` VALUES (529, 4, 1, -303, '2024-04-10 14:30:13', '');
INSERT INTO `record` VALUES (530, 5, 1, -311, '2024-04-10 14:30:13', '');
INSERT INTO `record` VALUES (531, 6, 1, -200, '2024-04-10 14:30:13', '');
INSERT INTO `record` VALUES (532, 7, 1, -155, '2024-04-10 14:30:13', '');
INSERT INTO `record` VALUES (533, 8, 1, -211, '2024-04-10 14:30:13', '');
INSERT INTO `record` VALUES (534, 9, 1, -560, '2024-04-10 14:30:13', '');
INSERT INTO `record` VALUES (535, 11, 1, -367, '2024-04-10 14:30:13', '');
INSERT INTO `record` VALUES (536, 12, 1, -44, '2024-04-10 14:30:13', '');
INSERT INTO `record` VALUES (537, 5, 1, 3000, '2024-04-10 14:30:13', '');
INSERT INTO `record` VALUES (538, 6, 1, 2000, '2024-04-10 14:30:13', '');
INSERT INTO `record` VALUES (539, 12, 1, 1000, '2024-04-10 14:30:13', '');
INSERT INTO `record` VALUES (540, 10, 1, -41, '2024-04-10 14:30:13', '');
INSERT INTO `record` VALUES (541, 13, 1, -42, '2024-04-10 14:30:13', '');
INSERT INTO `record` VALUES (542, 14, 1, -45, '2024-04-10 14:30:13', '');
INSERT INTO `record` VALUES (543, 15, 1, -35, '2024-04-10 14:30:13', '');
INSERT INTO `record` VALUES (544, 16, 1, -49, '2024-04-10 14:30:13', '');
INSERT INTO `record` VALUES (545, 17, 1, -33, '2024-04-10 14:30:13', '');
INSERT INTO `record` VALUES (546, 4, 1, -290, '2024-04-11 14:30:13', '');
INSERT INTO `record` VALUES (547, 5, 1, -311, '2024-04-11 14:30:13', '');
INSERT INTO `record` VALUES (548, 6, 1, -209, '2024-04-11 14:30:13', '');
INSERT INTO `record` VALUES (549, 7, 1, -158, '2024-04-11 14:30:13', '');
INSERT INTO `record` VALUES (550, 8, 1, -198, '2024-04-11 14:30:13', '');
INSERT INTO `record` VALUES (551, 9, 1, -566, '2024-04-11 14:30:13', '');
INSERT INTO `record` VALUES (552, 11, 1, -367, '2024-04-11 14:30:13', '');
INSERT INTO `record` VALUES (553, 12, 1, -49, '2024-04-11 14:30:13', '');
INSERT INTO `record` VALUES (554, 10, 1, -37, '2024-04-11 14:30:13', '');
INSERT INTO `record` VALUES (555, 13, 1, -41, '2024-04-11 14:30:13', '');
INSERT INTO `record` VALUES (556, 14, 1, -51, '2024-04-11 14:30:13', '');
INSERT INTO `record` VALUES (557, 15, 1, -36, '2024-04-11 14:30:13', '');
INSERT INTO `record` VALUES (558, 16, 1, -49, '2024-04-11 14:30:13', '');
INSERT INTO `record` VALUES (559, 17, 1, -39, '2024-04-11 14:30:13', '');
INSERT INTO `record` VALUES (560, 4, 1, -289, '2024-04-12 14:30:13', '');
INSERT INTO `record` VALUES (561, 5, 1, -312, '2024-04-12 14:30:13', '');
INSERT INTO `record` VALUES (562, 6, 1, -213, '2024-04-12 14:30:13', '');
INSERT INTO `record` VALUES (563, 7, 1, -167, '2024-04-12 14:30:13', '');
INSERT INTO `record` VALUES (564, 8, 1, -210, '2024-04-12 14:30:13', '');
INSERT INTO `record` VALUES (565, 9, 1, -567, '2024-04-12 14:30:13', '');
INSERT INTO `record` VALUES (566, 11, 1, -367, '2024-04-12 14:30:13', '');
INSERT INTO `record` VALUES (567, 12, 1, -43, '2024-04-12 14:30:13', '');
INSERT INTO `record` VALUES (568, 10, 1, -41, '2024-04-12 14:30:13', '');
INSERT INTO `record` VALUES (569, 13, 1, -42, '2024-04-12 14:30:13', '');
INSERT INTO `record` VALUES (570, 14, 1, -52, '2024-04-12 14:30:13', '');
INSERT INTO `record` VALUES (571, 15, 1, -35, '2024-04-12 14:30:13', '');
INSERT INTO `record` VALUES (572, 16, 1, -48, '2024-04-12 14:30:13', '');
INSERT INTO `record` VALUES (573, 17, 1, -37, '2024-04-12 14:30:13', '');
INSERT INTO `record` VALUES (574, 4, 1, -287, '2024-04-13 14:30:13', '');
INSERT INTO `record` VALUES (575, 5, 1, -320, '2024-04-13 14:30:13', '');
INSERT INTO `record` VALUES (576, 6, 1, -211, '2024-04-13 14:30:13', '');
INSERT INTO `record` VALUES (577, 7, 1, -167, '2024-04-13 14:30:13', '');
INSERT INTO `record` VALUES (578, 8, 1, -189, '2024-04-13 14:30:13', '');
INSERT INTO `record` VALUES (579, 9, 1, -577, '2024-04-13 14:30:13', '');
INSERT INTO `record` VALUES (580, 11, 1, -379, '2024-04-13 14:30:13', '');
INSERT INTO `record` VALUES (581, 12, 1, -51, '2024-04-13 14:30:13', '');
INSERT INTO `record` VALUES (582, 10, 1, -44, '2024-04-13 14:30:13', '');
INSERT INTO `record` VALUES (583, 13, 1, -44, '2024-04-13 14:30:13', '');
INSERT INTO `record` VALUES (584, 14, 1, -46, '2024-04-13 14:30:13', '');
INSERT INTO `record` VALUES (585, 15, 1, -38, '2024-04-13 14:30:13', '');
INSERT INTO `record` VALUES (586, 16, 1, -56, '2024-04-13 14:30:13', '');
INSERT INTO `record` VALUES (587, 17, 1, -41, '2024-04-13 14:30:13', '');
INSERT INTO `record` VALUES (588, 4, 1, -278, '2024-04-14 14:30:13', '');
INSERT INTO `record` VALUES (589, 5, 1, -334, '2024-04-14 14:30:13', '');
INSERT INTO `record` VALUES (590, 6, 1, -231, '2024-04-14 14:30:13', '');
INSERT INTO `record` VALUES (591, 7, 1, -168, '2024-04-14 14:30:13', '');
INSERT INTO `record` VALUES (592, 8, 1, -199, '2024-04-14 14:30:13', '');
INSERT INTO `record` VALUES (593, 9, 1, -578, '2024-04-14 14:30:13', '');
INSERT INTO `record` VALUES (594, 11, 1, -376, '2024-04-14 14:30:13', '');
INSERT INTO `record` VALUES (595, 12, 1, -56, '2024-04-14 14:30:13', '');
INSERT INTO `record` VALUES (596, 10, 1, -44, '2024-04-14 14:30:13', '');
INSERT INTO `record` VALUES (597, 13, 1, -45, '2024-04-14 14:30:13', '');
INSERT INTO `record` VALUES (598, 14, 1, -51, '2024-04-14 14:30:13', '');
INSERT INTO `record` VALUES (599, 15, 1, -40, '2024-04-14 14:30:13', '');
INSERT INTO `record` VALUES (600, 16, 1, -55, '2024-04-14 14:30:13', '');
INSERT INTO `record` VALUES (601, 17, 1, -38, '2024-04-14 14:30:13', '');
INSERT INTO `record` VALUES (602, 11, 1, 2000, '2024-04-15 14:30:13', '');
INSERT INTO `record` VALUES (603, 4, 1, -277, '2024-04-15 14:30:13', '');
INSERT INTO `record` VALUES (604, 5, 1, -312, '2024-04-15 14:30:13', '');
INSERT INTO `record` VALUES (605, 6, 1, -233, '2024-04-15 14:30:13', '');
INSERT INTO `record` VALUES (606, 7, 1, -178, '2024-04-15 14:30:13', '');
INSERT INTO `record` VALUES (607, 8, 1, -207, '2024-04-15 14:30:13', '');
INSERT INTO `record` VALUES (608, 9, 1, -579, '2024-04-15 14:30:13', '');
INSERT INTO `record` VALUES (609, 11, 1, -378, '2024-04-15 14:30:13', '');
INSERT INTO `record` VALUES (610, 12, 1, -55, '2024-04-15 14:30:13', '');
INSERT INTO `record` VALUES (611, 10, 1, -45, '2024-04-15 14:30:13', '');
INSERT INTO `record` VALUES (612, 13, 1, -46, '2024-04-15 14:30:13', '');
INSERT INTO `record` VALUES (613, 14, 1, -55, '2024-04-15 14:30:13', '');
INSERT INTO `record` VALUES (614, 15, 1, -36, '2024-04-15 14:30:13', '');
INSERT INTO `record` VALUES (615, 16, 1, -56, '2024-04-15 14:30:13', '');
INSERT INTO `record` VALUES (616, 17, 1, -34, '2024-04-15 14:30:13', '');
INSERT INTO `record` VALUES (617, 4, 1, -288, '2024-04-16 18:20:21', '');
INSERT INTO `record` VALUES (618, 5, 1, -324, '2024-04-16 18:20:30', '');
INSERT INTO `record` VALUES (619, 6, 1, -233, '2024-04-16 18:20:34', '');
INSERT INTO `record` VALUES (620, 7, 1, -167, '2024-04-16 18:20:45', '');
INSERT INTO `record` VALUES (621, 8, 1, -209, '2024-04-16 18:20:53', '');
INSERT INTO `record` VALUES (622, 9, 1, -581, '2024-04-16 18:21:00', '');
INSERT INTO `record` VALUES (623, 11, 1, -377, '2024-04-16 18:21:06', '');
INSERT INTO `record` VALUES (624, 12, 1, -45, '2024-04-16 18:21:12', '');
INSERT INTO `record` VALUES (625, 10, 1, -41, '2024-04-16 18:21:21', '');
INSERT INTO `record` VALUES (626, 13, 1, -41, '2024-04-16 18:21:24', '');
INSERT INTO `record` VALUES (627, 14, 1, -46, '2024-04-16 18:21:31', '');
INSERT INTO `record` VALUES (628, 15, 1, -37, '2024-04-16 18:21:37', '');
INSERT INTO `record` VALUES (629, 16, 1, -51, '2024-04-16 18:21:40', '');
INSERT INTO `record` VALUES (630, 17, 1, -38, '2024-04-16 18:21:46', '');
INSERT INTO `record` VALUES (631, 4, 1, -279, '2024-04-17 22:54:54', '');
INSERT INTO `record` VALUES (632, 5, 1, -311, '2024-04-17 22:55:00', '');
INSERT INTO `record` VALUES (633, 6, 1, -200, '2024-04-17 22:55:13', '');
INSERT INTO `record` VALUES (634, 7, 1, -165, '2024-04-17 22:55:22', '');
INSERT INTO `record` VALUES (635, 8, 1, -199, '2024-04-17 22:55:29', '');
INSERT INTO `record` VALUES (636, 9, 1, -577, '2024-04-17 22:55:37', '');
INSERT INTO `record` VALUES (637, 11, 1, -379, '2024-04-17 22:55:45', '');
INSERT INTO `record` VALUES (638, 12, 1, -51, '2024-04-17 22:55:50', '');
INSERT INTO `record` VALUES (639, 10, 1, -38, '2024-04-17 22:55:57', '');
INSERT INTO `record` VALUES (640, 13, 1, -40, '2024-04-17 22:56:02', '');
INSERT INTO `record` VALUES (641, 14, 1, -44, '2024-04-17 22:56:08', '');
INSERT INTO `record` VALUES (642, 15, 1, -36, '2024-04-17 22:56:14', '');
INSERT INTO `record` VALUES (643, 16, 1, -49, '2024-04-17 22:56:22', '');
INSERT INTO `record` VALUES (644, 17, 1, -36, '2024-04-17 22:56:27', '');
INSERT INTO `record` VALUES (645, 4, 1, -278, '2024-04-18 11:15:10', '');
INSERT INTO `record` VALUES (646, 5, 1, -310, '2024-04-18 11:15:17', '');
INSERT INTO `record` VALUES (647, 6, 1, -209, '2024-04-18 11:15:23', '');
INSERT INTO `record` VALUES (648, 7, 1, -155, '2024-04-18 11:15:30', '');
INSERT INTO `record` VALUES (649, 8, 1, -195, '2024-04-18 11:15:37', '');
INSERT INTO `record` VALUES (650, 9, 1, -574, '2024-04-18 11:15:45', '');
INSERT INTO `record` VALUES (651, 11, 1, -367, '2024-04-18 11:15:55', '');
INSERT INTO `record` VALUES (652, 12, 1, -45, '2024-04-18 11:16:00', '');
INSERT INTO `record` VALUES (653, 10, 1, -37, '2024-04-18 11:16:16', '');
INSERT INTO `record` VALUES (654, 13, 1, -36, '2024-04-18 11:16:23', '');
INSERT INTO `record` VALUES (655, 14, 1, -34, '2024-04-18 11:16:29', '');
INSERT INTO `record` VALUES (656, 14, 1, -7, '2024-04-18 11:16:36', '');
INSERT INTO `record` VALUES (657, 15, 1, -32, '2024-04-18 11:16:41', '');
INSERT INTO `record` VALUES (658, 16, 1, -45, '2024-04-18 11:16:48', '');
INSERT INTO `record` VALUES (659, 17, 1, -32, '2024-04-18 11:16:54', '');
INSERT INTO `record` VALUES (663, 8, 1, -100, '2024-04-18 16:17:26', '');
INSERT INTO `record` VALUES (664, 5, 1, -200, '2024-04-18 16:22:00', '');
INSERT INTO `record` VALUES (665, 5, 1, -1, '2024-09-24 00:33:31', '');
INSERT INTO `record` VALUES (666, 10, 1, -50, '2024-09-24 00:34:03', '');
INSERT INTO `record` VALUES (667, 4, 1, 5555, '2024-09-24 00:39:37', '');
INSERT INTO `record` VALUES (668, 9, 1, 200, '2024-09-24 00:39:44', '');
INSERT INTO `record` VALUES (669, 7, 1, -300, '2024-09-24 00:39:51', '');
INSERT INTO `record` VALUES (670, 5, 1, 500, '2024-09-24 14:30:20', '');
INSERT INTO `record` VALUES (671, 4, 1, 3000, '2024-10-23 22:39:50', '');
INSERT INTO `record` VALUES (672, 9, 1, -600, '2024-10-23 22:39:57', '');
INSERT INTO `record` VALUES (673, 11, 1, 200, '2024-10-23 22:40:03', '');
INSERT INTO `record` VALUES (674, 10, 1, -500, '2024-10-23 22:40:29', '');
INSERT INTO `record` VALUES (675, 6, 1, -70, '2024-10-23 22:40:38', '');
INSERT INTO `record` VALUES (676, 4, 1, -600, '2024-10-23 22:40:56', '');
INSERT INTO `record` VALUES (677, 4, 1, 5000, '2024-10-23 22:51:49', '');
INSERT INTO `record` VALUES (678, 11, 1, -50, '2024-10-23 22:51:57', '');

-- ----------------------------
-- Table structure for storage
-- ----------------------------
DROP TABLE IF EXISTS `storage`;
CREATE TABLE `storage`  (
  `id` int NOT NULL AUTO_INCREMENT,
  `name` varchar(100) CHARACTER SET utf8 COLLATE utf8_general_ci NOT NULL COMMENT '仓库名称',
  `remark` varchar(1000) CHARACTER SET utf8 COLLATE utf8_general_ci NULL DEFAULT NULL COMMENT '备注',
  PRIMARY KEY (`id`) USING BTREE
) ENGINE = InnoDB AUTO_INCREMENT = 4 CHARACTER SET = utf8 COLLATE = utf8_general_ci ROW_FORMAT = DYNAMIC;

-- ----------------------------
-- Records of storage
-- ----------------------------
INSERT INTO `storage` VALUES (1, '仓库1', '外面的仓库');
INSERT INTO `storage` VALUES (3, '仓库2', '里面的仓库');

-- ----------------------------
-- Table structure for user
-- ----------------------------
DROP TABLE IF EXISTS `user`;
CREATE TABLE `user`  (
  `id` int NOT NULL AUTO_INCREMENT COMMENT '用户id',
  `num` varchar(20) CHARACTER SET utf8 COLLATE utf8_general_ci NOT NULL COMMENT '账号',
  `name` varchar(255) CHARACTER SET utf8 COLLATE utf8_general_ci NOT NULL COMMENT '名字',
  `password` varchar(255) CHARACTER SET utf8 COLLATE utf8_general_ci NOT NULL COMMENT '密码',
  `age` int NULL DEFAULT NULL COMMENT '年龄',
  `sex` int NOT NULL COMMENT '1男2女',
  `phone` varchar(255) CHARACTER SET utf8 COLLATE utf8_general_ci NOT NULL COMMENT '电话',
  `grade` int NOT NULL DEFAULT 2 COMMENT '权限 0超级管理员1管理员2普通用户',
  `isValid` int NULL DEFAULT 1 COMMENT '是否有效 1有效',
  PRIMARY KEY (`id`) USING BTREE
) ENGINE = InnoDB AUTO_INCREMENT = 23 CHARACTER SET = utf8 COLLATE = utf8_general_ci ROW_FORMAT = DYNAMIC;

-- ----------------------------
-- Records of user
-- ----------------------------
INSERT INTO `user` VALUES (1, 'SuperAdmin', '超级管理员', '123456', 20, 0, '13423434554', 0, 1);
INSERT INTO `user` VALUES (2, 'admin', '管理员', 'admin', 21, 1, '13432343454', 1, 1);
INSERT INTO `user` VALUES (6, 'admin2', '管理员2', 'admin', 32, 0, '13423555555', 1, 1);
INSERT INTO `user` VALUES (7, 'shanshan', '程序员山山', '123', 28, 1, '13423465456', 2, 1);
INSERT INTO `user` VALUES (8, 'losing', '里斯', '123', 12, 0, '13433233423', 2, 1);
INSERT INTO `user` VALUES (15, 'wangwu', '王五', '123', 33, 1, '13455555555', 2, 1);
INSERT INTO `user` VALUES (16, 'zhaoliu', '赵六', '123', 11, 0, '13434545454', 2, 1);
INSERT INTO `user` VALUES (17, 'xiaoqi', '小气', '123', 22, 1, '13222222222', 2, 1);
INSERT INTO `user` VALUES (18, 'laob', '老把', '123', 22, 0, '13422323323', 2, 1);
INSERT INTO `user` VALUES (19, 'hujiu', '呼吁', '123', 43, 1, '13425555666', 2, 1);
INSERT INTO `user` VALUES (20, 'hugan', '湖广', '123', 66, 0, '15998788654', 2, 1);
INSERT INTO `user` VALUES (22, 'user10', '用户10', '123', 22, 1, '13433234564', 2, 1);

SET FOREIGN_KEY_CHECKS = 1;
